entry_id,legacy_headword,ngsl_source_tier,ngsl_lemma,ngsl_frequency_rank,mapping_kind,status,rights_status
lex:A1:a-an,"a, an",NGSL_1_2_CORE,a,6,PARTIAL_MULTI_FORM,UNREVIEWED_SOURCE_CANDIDATE,NOT_CLEARED
lex:A1:about,about,NGSL_1_2_CORE,about,37,EXACT_HEADWORD,UNREVIEWED_SOURCE_CANDIDATE,NOT_CLEARED
lex:A1:above,above,NGSL_1_2_CORE,above,440,EXACT_HEADWORD,UNREVIEWED_SOURCE_CANDIDATE,NOT_CLEARED
lex:A1:across,across,NGSL_1_2_CORE,across,383,EXACT_HEADWORD,UNREVIEWED_SOURCE_CANDIDATE,NOT_CLEARED
lex:A1:action,action,NGSL_1_2_CORE,action,474,EXACT_HEADWORD,UNREVIEWED_SOURCE_CANDIDATE,NOT_CLEARED
lex:A1:activity,activity,NGSL_1_2_CORE,activity,432,EXACT_HEADWORD,UNREVIEWED_SOURCE_CANDIDATE,NOT_CLEARED
lex:A1:actor,actor,NGSL_1_2_CORE,actor,1369,EXACT_HEADWORD,UNREVIEWED_SOURCE_CANDIDATE,NOT_CLEARED
lex:A1:actress,actress,NGSL_SFI_31K_EXTENSION,actress,3089,EXACT_HEADWORD,UNREVIEWED_SOURCE_CANDIDATE,NOT_CLEARED
lex:A1:add,add,NGSL_1_2_CORE,add,414,EXACT_HEADWORD,UNREVIEWED_SOURCE_CANDIDATE,NOT_CLEARED
lex:A1:address,address,NGSL_1_2_CORE,address,558,EXACT_HEADWORD,UNREVIEWED_SOURCE_CANDIDATE,NOT_CLEARED
lex:A1:adult,adult,NGSL_1_2_CORE,adult,880,EXACT_HEADWORD,UNREVIEWED_SOURCE_CANDIDATE,NOT_CLEARED
lex:A1:advice,advice,NGSL_1_2_CORE,advice,1040,EXACT_HEADWORD,UNREVIEWED_SOURCE_CANDIDATE,NOT_CLEARED
lex:A1:afraid,afraid,NGSL_1_2_CORE,afraid,1353,EXACT_HEADWORD,UNREVIEWED_SOURCE_CANDIDATE,NOT_CLEARED
lex:A1:after,after,NGSL_1_2_CORE,after,84,EXACT_HEADWORD,UNREVIEWED_SOURCE_CANDIDATE,NOT_CLEARED
lex:A1:afternoon,afternoon,NGSL_1_2_CORE,afternoon,948,EXACT_HEADWORD,UNREVIEWED_SOURCE_CANDIDATE,NOT_CLEARED
lex:A1:again,again,NGSL_1_2_CORE,again,175,EXACT_HEADWORD,UNREVIEWED_SOURCE_CANDIDATE,NOT_CLEARED
lex:A1:age,age,NGSL_1_2_CORE,age,282,EXACT_HEADWORD,UNREVIEWED_SOURCE_CANDIDATE,NOT_CLEARED
lex:A1:ago,ago,NGSL_1_2_CORE,ago,372,EXACT_HEADWORD,UNREVIEWED_SOURCE_CANDIDATE,NOT_CLEARED
lex:A1:agree,agree,NGSL_1_2_CORE,agree,420,EXACT_HEADWORD,UNREVIEWED_SOURCE_CANDIDATE,NOT_CLEARED
lex:A1:air,air,NGSL_1_2_CORE,air,542,EXACT_HEADWORD,UNREVIEWED_SOURCE_CANDIDATE,NOT_CLEARED
lex:A1:airport,airport,NGSL_SFI_31K_EXTENSION,airport,1577,EXACT_HEADWORD,UNREVIEWED_SOURCE_CANDIDATE,NOT_CLEARED
lex:A1:all,all,NGSL_1_2_CORE,all,33,EXACT_HEADWORD,UNREVIEWED_SOURCE_CANDIDATE,NOT_CLEARED
lex:A1:also,also,NGSL_1_2_CORE,also,72,EXACT_HEADWORD,UNREVIEWED_SOURCE_CANDIDATE,NOT_CLEARED
lex:A1:always,always,NGSL_1_2_CORE,always,183,EXACT_HEADWORD,UNREVIEWED_SOURCE_CANDIDATE,NOT_CLEARED
lex:A1:amazing,amazing,NGSL_1_2_CORE,amaze,1524,RELATED_LEMMA_ONLY,UNREVIEWED_SOURCE_CANDIDATE,NOT_CLEARED
lex:A1:and,and,NGSL_1_2_CORE,and,3,EXACT_HEADWORD,UNREVIEWED_SOURCE_CANDIDATE,NOT_CLEARED
lex:A1:angry,angry,NGSL_1_2_CORE,angry,1813,EXACT_HEADWORD,UNREVIEWED_SOURCE_CANDIDATE,NOT_CLEARED
lex:A1:animal,animal,NGSL_1_2_CORE,animal,587,EXACT_HEADWORD,UNREVIEWED_SOURCE_CANDIDATE,NOT_CLEARED
lex:A1:another,another,NGSL_1_2_CORE,another,140,EXACT_HEADWORD,UNREVIEWED_SOURCE_CANDIDATE,NOT_CLEARED
lex:A1:answer,answer,NGSL_1_2_CORE,answer,355,EXACT_HEADWORD,UNREVIEWED_SOURCE_CANDIDATE,NOT_CLEARED
lex:A1:any,any,NGSL_1_2_CORE,any,83,EXACT_HEADWORD,UNREVIEWED_SOURCE_CANDIDATE,NOT_CLEARED
lex:A1:anyone,anyone,NGSL_1_2_CORE,anyone,754,EXACT_HEADWORD,UNREVIEWED_SOURCE_CANDIDATE,NOT_CLEARED
lex:A1:anything,anything,NGSL_1_2_CORE,anything,318,EXACT_HEADWORD,UNREVIEWED_SOURCE_CANDIDATE,NOT_CLEARED
lex:A1:apartment,apartment,NGSL_1_2_CORE,apartment,2168,EXACT_HEADWORD,UNREVIEWED_SOURCE_CANDIDATE,NOT_CLEARED
lex:A1:apple,apple,NGSL_SFI_31K_EXTENSION,apple,3010,EXACT_HEADWORD,UNREVIEWED_SOURCE_CANDIDATE,NOT_CLEARED
lex:A1:april,April,NGSL_1_2_SUPPLEMENT,April,,EXACT_HEADWORD,UNREVIEWED_SOURCE_CANDIDATE,NOT_CLEARED
lex:A1:area,area,NGSL_1_2_CORE,area,204,EXACT_HEADWORD,UNREVIEWED_SOURCE_CANDIDATE,NOT_CLEARED
lex:A1:arm,arm,NGSL_1_2_CORE,arm,621,EXACT_HEADWORD,UNREVIEWED_SOURCE_CANDIDATE,NOT_CLEARED
lex:A1:around,around,NGSL_1_2_CORE,around,170,EXACT_HEADWORD,UNREVIEWED_SOURCE_CANDIDATE,NOT_CLEARED
lex:A1:arrive,arrive,NGSL_1_2_CORE,arrive,588,EXACT_HEADWORD,UNREVIEWED_SOURCE_CANDIDATE,NOT_CLEARED
lex:A1:art,art,NGSL_1_2_CORE,art,646,EXACT_HEADWORD,UNREVIEWED_SOURCE_CANDIDATE,NOT_CLEARED
lex:A1:article,article,NGSL_1_2_CORE,article,630,EXACT_HEADWORD,UNREVIEWED_SOURCE_CANDIDATE,NOT_CLEARED
lex:A1:artist,artist,NGSL_1_2_CORE,artist,1183,EXACT_HEADWORD,UNREVIEWED_SOURCE_CANDIDATE,NOT_CLEARED
lex:A1:as,as,NGSL_1_2_CORE,as,22,EXACT_HEADWORD,UNREVIEWED_SOURCE_CANDIDATE,NOT_CLEARED
lex:A1:ask,ask,NGSL_1_2_CORE,ask,134,EXACT_HEADWORD,UNREVIEWED_SOURCE_CANDIDATE,NOT_CLEARED
lex:A1:at,at,NGSL_1_2_CORE,at,23,EXACT_HEADWORD,UNREVIEWED_SOURCE_CANDIDATE,NOT_CLEARED
lex:A1:august,August,NGSL_1_2_SUPPLEMENT,August,,EXACT_HEADWORD,UNREVIEWED_SOURCE_CANDIDATE,NOT_CLEARED
lex:A1:aunt,aunt,NGSL_1_2_CORE,aunt,2781,EXACT_HEADWORD,UNREVIEWED_SOURCE_CANDIDATE,NOT_CLEARED
lex:A1:autumn,autumn,NGSL_1_2_CORE,autumn,2792,EXACT_HEADWORD,UNREVIEWED_SOURCE_CANDIDATE,NOT_CLEARED
lex:A1:away,away,NGSL_1_2_CORE,away,234,EXACT_HEADWORD,UNREVIEWED_SOURCE_CANDIDATE,NOT_CLEARED
lex:A1:baby,baby,NGSL_1_2_CORE,baby,871,EXACT_HEADWORD,UNREVIEWED_SOURCE_CANDIDATE,NOT_CLEARED
lex:A1:back,back,NGSL_1_2_CORE,back,94,EXACT_HEADWORD,UNREVIEWED_SOURCE_CANDIDATE,NOT_CLEARED
lex:A1:bad,bad,NGSL_1_2_CORE,bad,268,EXACT_HEADWORD,UNREVIEWED_SOURCE_CANDIDATE,NOT_CLEARED
lex:A1:bag,bag,NGSL_1_2_CORE,bag,1252,EXACT_HEADWORD,UNREVIEWED_SOURCE_CANDIDATE,NOT_CLEARED
lex:A1:ball,ball,NGSL_1_2_CORE,ball,1201,EXACT_HEADWORD,UNREVIEWED_SOURCE_CANDIDATE,NOT_CLEARED
lex:A1:banana,banana,NGSL_SFI_31K_EXTENSION,banana,4458,EXACT_HEADWORD,UNREVIEWED_SOURCE_CANDIDATE,NOT_CLEARED
lex:A1:band,band,NGSL_1_2_CORE,band,1087,EXACT_HEADWORD,UNREVIEWED_SOURCE_CANDIDATE,NOT_CLEARED
lex:A1:bank-money,bank (money),NGSL_1_2_CORE,bank,627,EXACT_HEADWORD,UNREVIEWED_SOURCE_CANDIDATE,NOT_CLEARED
lex:A1:bath,bath,NGSL_1_2_CORE,bath,2294,EXACT_HEADWORD,UNREVIEWED_SOURCE_CANDIDATE,NOT_CLEARED
lex:A1:bathroom,bathroom,NGSL_SFI_31K_EXTENSION,bathroom,2367,EXACT_HEADWORD,UNREVIEWED_SOURCE_CANDIDATE,NOT_CLEARED
lex:A1:be,be,NGSL_1_2_CORE,be,2,EXACT_HEADWORD,UNREVIEWED_SOURCE_CANDIDATE,NOT_CLEARED
lex:A1:beach,beach,NGSL_1_2_CORE,beach,1297,EXACT_HEADWORD,UNREVIEWED_SOURCE_CANDIDATE,NOT_CLEARED
lex:A1:beautiful,beautiful,NGSL_1_2_CORE,beautiful,792,EXACT_HEADWORD,UNREVIEWED_SOURCE_CANDIDATE,NOT_CLEARED
lex:A1:because,because,NGSL_1_2_CORE,because,62,EXACT_HEADWORD,UNREVIEWED_SOURCE_CANDIDATE,NOT_CLEARED
lex:A1:become,become,NGSL_1_2_CORE,become,141,EXACT_HEADWORD,UNREVIEWED_SOURCE_CANDIDATE,NOT_CLEARED
lex:A1:bed,bed,NGSL_1_2_CORE,bed,694,EXACT_HEADWORD,UNREVIEWED_SOURCE_CANDIDATE,NOT_CLEARED
lex:A1:bedroom,bedroom,NGSL_1_2_CORE,bedroom,1432,EXACT_HEADWORD,UNREVIEWED_SOURCE_CANDIDATE,NOT_CLEARED
lex:A1:beer,beer,NGSL_1_2_CORE,beer,2062,EXACT_HEADWORD,UNREVIEWED_SOURCE_CANDIDATE,NOT_CLEARED
lex:A1:before,before,NGSL_1_2_CORE,before,106,EXACT_HEADWORD,UNREVIEWED_SOURCE_CANDIDATE,NOT_CLEARED
lex:A1:begin,begin,NGSL_1_2_CORE,begin,189,EXACT_HEADWORD,UNREVIEWED_SOURCE_CANDIDATE,NOT_CLEARED
lex:A1:beginning,beginning,NGSL_1_2_CORE,begin,189,RELATED_LEMMA_ONLY,UNREVIEWED_SOURCE_CANDIDATE,NOT_CLEARED
lex:A1:behind,behind,NGSL_1_2_CORE,behind,492,EXACT_HEADWORD,UNREVIEWED_SOURCE_CANDIDATE,NOT_CLEARED
lex:A1:believe,believe,NGSL_1_2_CORE,believe,225,EXACT_HEADWORD,UNREVIEWED_SOURCE_CANDIDATE,NOT_CLEARED
lex:A1:below,below,NGSL_1_2_CORE,below,761,EXACT_HEADWORD,UNREVIEWED_SOURCE_CANDIDATE,NOT_CLEARED
lex:A1:best,best,NGSL_SFI_31K_EXTENSION,best,11542,EXACT_HEADWORD,UNREVIEWED_SOURCE_CANDIDATE,NOT_CLEARED
lex:A1:better,better,NGSL_SFI_31K_EXTENSION,better,7937,EXACT_HEADWORD,UNREVIEWED_SOURCE_CANDIDATE,NOT_CLEARED
lex:A1:between,between,NGSL_1_2_CORE,between,116,EXACT_HEADWORD,UNREVIEWED_SOURCE_CANDIDATE,NOT_CLEARED
lex:A1:bicycle,bicycle,NGSL_SFI_31K_EXTENSION,bicycle,2639,EXACT_HEADWORD,UNREVIEWED_SOURCE_CANDIDATE,NOT_CLEARED
lex:A1:big,big,NGSL_1_2_CORE,big,184,EXACT_HEADWORD,UNREVIEWED_SOURCE_CANDIDATE,NOT_CLEARED
lex:A1:bike,bike,NGSL_1_2_CORE,bike,1979,EXACT_HEADWORD,UNREVIEWED_SOURCE_CANDIDATE,NOT_CLEARED
lex:A1:bill,bill,NGSL_1_2_CORE,bill,888,EXACT_HEADWORD,UNREVIEWED_SOURCE_CANDIDATE,NOT_CLEARED
lex:A1:bird,bird,NGSL_1_2_CORE,bird,1271,EXACT_HEADWORD,UNREVIEWED_SOURCE_CANDIDATE,NOT_CLEARED
lex:A1:birthday,birthday,NGSL_SFI_31K_EXTENSION,birthday,1529,EXACT_HEADWORD,UNREVIEWED_SOURCE_CANDIDATE,NOT_CLEARED
lex:A1:black,black,NGSL_1_2_CORE,black,411,EXACT_HEADWORD,UNREVIEWED_SOURCE_CANDIDATE,NOT_CLEARED
lex:A1:blog,blog,NGSL_1_2_CORE,blog,2808,EXACT_HEADWORD,UNREVIEWED_SOURCE_CANDIDATE,NOT_CLEARED
lex:A1:blonde,blonde,NGSL_SFI_31K_EXTENSION,blonde,5327,EXACT_HEADWORD,UNREVIEWED_SOURCE_CANDIDATE,NOT_CLEARED
lex:A1:blue,blue,NGSL_1_2_CORE,blue,858,EXACT_HEADWORD,UNREVIEWED_SOURCE_CANDIDATE,NOT_CLEARED
lex:A1:boat,boat,NGSL_1_2_CORE,boat,1304,EXACT_HEADWORD,UNREVIEWED_SOURCE_CANDIDATE,NOT_CLEARED
lex:A1:body,body,NGSL_1_2_CORE,body,401,EXACT_HEADWORD,UNREVIEWED_SOURCE_CANDIDATE,NOT_CLEARED
lex:A1:book,book,NGSL_1_2_CORE,book,171,EXACT_HEADWORD,UNREVIEWED_SOURCE_CANDIDATE,NOT_CLEARED
lex:A1:boot,boot,NGSL_1_2_CORE,boot,2282,EXACT_HEADWORD,UNREVIEWED_SOURCE_CANDIDATE,NOT_CLEARED
lex:A1:bored,bored,NGSL_1_2_CORE,bore,1690,RELATED_LEMMA_ONLY,UNREVIEWED_SOURCE_CANDIDATE,NOT_CLEARED
lex:A1:boring,boring,NGSL_1_2_CORE,bore,1690,RELATED_LEMMA_ONLY,UNREVIEWED_SOURCE_CANDIDATE,NOT_CLEARED
lex:A1:born,born,NGSL_1_2_CORE,bear,455,RELATED_LEMMA_ONLY,UNREVIEWED_SOURCE_CANDIDATE,NOT_CLEARED
lex:A1:both,both,NGSL_1_2_CORE,both,128,EXACT_HEADWORD,UNREVIEWED_SOURCE_CANDIDATE,NOT_CLEARED
lex:A1:bottle,bottle,NGSL_1_2_CORE,bottle,1614,EXACT_HEADWORD,UNREVIEWED_SOURCE_CANDIDATE,NOT_CLEARED
lex:A1:box,box,NGSL_1_2_CORE,box,861,EXACT_HEADWORD,UNREVIEWED_SOURCE_CANDIDATE,NOT_CLEARED
lex:A1:boy,boy,NGSL_1_2_CORE,boy,510,EXACT_HEADWORD,UNREVIEWED_SOURCE_CANDIDATE,NOT_CLEARED
lex:A1:boyfriend,boyfriend,NGSL_SFI_31K_EXTENSION,boyfriend,3003,EXACT_HEADWORD,UNREVIEWED_SOURCE_CANDIDATE,NOT_CLEARED
lex:A1:bread,bread,NGSL_1_2_CORE,bread,2262,EXACT_HEADWORD,UNREVIEWED_SOURCE_CANDIDATE,NOT_CLEARED
lex:A1:break,break,NGSL_1_2_CORE,break,368,EXACT_HEADWORD,UNREVIEWED_SOURCE_CANDIDATE,NOT_CLEARED
lex:A1:breakfast,breakfast,NGSL_1_2_CORE,breakfast,1819,EXACT_HEADWORD,UNREVIEWED_SOURCE_CANDIDATE,NOT_CLEARED
lex:A1:bring,bring,NGSL_1_2_CORE,bring,196,EXACT_HEADWORD,UNREVIEWED_SOURCE_CANDIDATE,NOT_CLEARED
lex:A1:brother,brother,NGSL_1_2_CORE,brother,821,EXACT_HEADWORD,UNREVIEWED_SOURCE_CANDIDATE,NOT_CLEARED
lex:A1:brown,brown,NGSL_1_2_CORE,brown,1913,EXACT_HEADWORD,UNREVIEWED_SOURCE_CANDIDATE,NOT_CLEARED
lex:A1:build,build,NGSL_1_2_CORE,build,221,EXACT_HEADWORD,UNREVIEWED_SOURCE_CANDIDATE,NOT_CLEARED
lex:A1:building,building,NGSL_1_2_CORE,build,221,RELATED_LEMMA_ONLY,UNREVIEWED_SOURCE_CANDIDATE,NOT_CLEARED
lex:A1:bus,bus,NGSL_1_2_CORE,bus,810,EXACT_HEADWORD,UNREVIEWED_SOURCE_CANDIDATE,NOT_CLEARED
lex:A1:business,business,NGSL_1_2_CORE,business,211,EXACT_HEADWORD,UNREVIEWED_SOURCE_CANDIDATE,NOT_CLEARED
lex:A1:busy,busy,NGSL_1_2_CORE,busy,1233,EXACT_HEADWORD,UNREVIEWED_SOURCE_CANDIDATE,NOT_CLEARED
lex:A1:but,but,NGSL_1_2_CORE,but,25,EXACT_HEADWORD,UNREVIEWED_SOURCE_CANDIDATE,NOT_CLEARED
lex:A1:butter,butter,NGSL_SFI_31K_EXTENSION,butter,3281,EXACT_HEADWORD,UNREVIEWED_SOURCE_CANDIDATE,NOT_CLEARED
lex:A1:buy,buy,NGSL_1_2_CORE,buy,242,EXACT_HEADWORD,UNREVIEWED_SOURCE_CANDIDATE,NOT_CLEARED
lex:A1:by,by,NGSL_1_2_CORE,by,27,EXACT_HEADWORD,UNREVIEWED_SOURCE_CANDIDATE,NOT_CLEARED
lex:A1:bye,bye,NGSL_SFI_31K_EXTENSION,bye,3234,EXACT_HEADWORD,UNREVIEWED_SOURCE_CANDIDATE,NOT_CLEARED
lex:A1:cafe,cafe,NGSL_SFI_31K_EXTENSION,café,2315,RELATED_LEMMA_ONLY,UNREVIEWED_SOURCE_CANDIDATE,NOT_CLEARED
lex:A1:cake,cake,NGSL_1_2_CORE,cake,2173,EXACT_HEADWORD,UNREVIEWED_SOURCE_CANDIDATE,NOT_CLEARED
lex:A1:call,call,NGSL_1_2_CORE,call,105,EXACT_HEADWORD,UNREVIEWED_SOURCE_CANDIDATE,NOT_CLEARED
lex:A1:camera,camera,NGSL_1_2_CORE,camera,1390,EXACT_HEADWORD,UNREVIEWED_SOURCE_CANDIDATE,NOT_CLEARED
lex:A1:can,can¹,NGSL_1_2_CORE,can,38,EXACT_HEADWORD,UNREVIEWED_SOURCE_CANDIDATE,NOT_CLEARED
lex:A1:cannot,cannot,NGSL_1_2_CORE,can,38,GRAMMATICAL_FORM,UNREVIEWED_SOURCE_CANDIDATE,NOT_CLEARED
lex:A1:capital,capital,NGSL_1_2_CORE,capital,789,EXACT_HEADWORD,UNREVIEWED_SOURCE_CANDIDATE,NOT_CLEARED
lex:A1:car,car,NGSL_1_2_CORE,car,260,EXACT_HEADWORD,UNREVIEWED_SOURCE_CANDIDATE,NOT_CLEARED
lex:A1:card,card,NGSL_1_2_CORE,card,781,EXACT_HEADWORD,UNREVIEWED_SOURCE_CANDIDATE,NOT_CLEARED
lex:A1:career,career,NGSL_1_2_CORE,career,892,EXACT_HEADWORD,UNREVIEWED_SOURCE_CANDIDATE,NOT_CLEARED
lex:A1:carrot,carrot,NGSL_SFI_31K_EXTENSION,carrot,5475,EXACT_HEADWORD,UNREVIEWED_SOURCE_CANDIDATE,NOT_CLEARED
lex:A1:carry,carry,NGSL_1_2_CORE,carry,446,EXACT_HEADWORD,UNREVIEWED_SOURCE_CANDIDATE,NOT_CLEARED
lex:A1:cat,cat,NGSL_1_2_CORE,cat,1678,EXACT_HEADWORD,UNREVIEWED_SOURCE_CANDIDATE,NOT_CLEARED
lex:A1:cd,CD,NO_NGSL_SOURCE_MATCH,,,NO_SOURCE_MATCH,UNREVIEWED_SOURCE_CANDIDATE,NOT_CLEARED
lex:A1:cent,cent,NGSL_1_2_CORE,cent,749,EXACT_HEADWORD,UNREVIEWED_SOURCE_CANDIDATE,NOT_CLEARED
lex:A1:centre,centre,NGSL_1_2_CORE,center,334,BRITISH_US_VARIANT,UNREVIEWED_SOURCE_CANDIDATE,NOT_CLEARED
lex:A1:century,century,NGSL_1_2_CORE,century,591,EXACT_HEADWORD,UNREVIEWED_SOURCE_CANDIDATE,NOT_CLEARED
lex:A1:chair,chair,NGSL_1_2_CORE,chair,1060,EXACT_HEADWORD,UNREVIEWED_SOURCE_CANDIDATE,NOT_CLEARED
lex:A1:change,change,NGSL_1_2_CORE,change,113,EXACT_HEADWORD,UNREVIEWED_SOURCE_CANDIDATE,NOT_CLEARED
lex:A1:chart,chart,NGSL_1_2_CORE,chart,1741,EXACT_HEADWORD,UNREVIEWED_SOURCE_CANDIDATE,NOT_CLEARED
lex:A1:cheap,cheap,NGSL_1_2_CORE,cheap,1095,EXACT_HEADWORD,UNREVIEWED_SOURCE_CANDIDATE,NOT_CLEARED
lex:A1:check,check,NGSL_1_2_CORE,check,580,EXACT_HEADWORD,UNREVIEWED_SOURCE_CANDIDATE,NOT_CLEARED
lex:A1:cheese,cheese,NGSL_1_2_CORE,cheese,2585,EXACT_HEADWORD,UNREVIEWED_SOURCE_CANDIDATE,NOT_CLEARED
lex:A1:chicken,chicken,NGSL_1_2_CORE,chicken,2339,EXACT_HEADWORD,UNREVIEWED_SOURCE_CANDIDATE,NOT_CLEARED
lex:A1:child,child,NGSL_1_2_CORE,child,102,EXACT_HEADWORD,UNREVIEWED_SOURCE_CANDIDATE,NOT_CLEARED
lex:A1:chocolate,chocolate,NGSL_1_2_CORE,chocolate,2620,EXACT_HEADWORD,UNREVIEWED_SOURCE_CANDIDATE,NOT_CLEARED
lex:A1:choose,choose,NGSL_1_2_CORE,choose,447,EXACT_HEADWORD,UNREVIEWED_SOURCE_CANDIDATE,NOT_CLEARED
lex:A1:cinema,cinema,NGSL_SFI_31K_EXTENSION,cinema,2042,EXACT_HEADWORD,UNREVIEWED_SOURCE_CANDIDATE,NOT_CLEARED
lex:A1:city,city,NGSL_1_2_CORE,city,269,EXACT_HEADWORD,UNREVIEWED_SOURCE_CANDIDATE,NOT_CLEARED
lex:A1:class,class,NGSL_1_2_CORE,class,362,EXACT_HEADWORD,UNREVIEWED_SOURCE_CANDIDATE,NOT_CLEARED
lex:A1:classroom,classroom,NGSL_SFI_31K_EXTENSION,classroom,1972,EXACT_HEADWORD,UNREVIEWED_SOURCE_CANDIDATE,NOT_CLEARED
lex:A1:clean,clean,NGSL_1_2_CORE,clean,842,EXACT_HEADWORD,UNREVIEWED_SOURCE_CANDIDATE,NOT_CLEARED
lex:A1:climb,climb,NGSL_1_2_CORE,climb,1434,EXACT_HEADWORD,UNREVIEWED_SOURCE_CANDIDATE,NOT_CLEARED
lex:A1:clock,clock,NGSL_1_2_CORE,clock,932,EXACT_HEADWORD,UNREVIEWED_SOURCE_CANDIDATE,NOT_CLEARED
lex:A1:close,close¹,NGSL_1_2_CORE,close,239,EXACT_HEADWORD,UNREVIEWED_SOURCE_CANDIDATE,NOT_CLEARED
lex:A1:clothes,clothes,NGSL_1_2_CORE,clothes,956,EXACT_HEADWORD,UNREVIEWED_SOURCE_CANDIDATE,NOT_CLEARED
lex:A1:club,club,NGSL_1_2_CORE,club,760,EXACT_HEADWORD,UNREVIEWED_SOURCE_CANDIDATE,NOT_CLEARED
lex:A1:coat,coat,NGSL_1_2_CORE,coat,1863,EXACT_HEADWORD,UNREVIEWED_SOURCE_CANDIDATE,NOT_CLEARED
lex:A1:coffee,coffee,NGSL_1_2_CORE,coffee,1395,EXACT_HEADWORD,UNREVIEWED_SOURCE_CANDIDATE,NOT_CLEARED
lex:A1:cold,cold,NGSL_1_2_CORE,cold,867,EXACT_HEADWORD,UNREVIEWED_SOURCE_CANDIDATE,NOT_CLEARED
lex:A1:college,college,NGSL_1_2_CORE,college,739,EXACT_HEADWORD,UNREVIEWED_SOURCE_CANDIDATE,NOT_CLEARED
lex:A1:colour,colour,NGSL_1_2_CORE,color,378,BRITISH_US_VARIANT,UNREVIEWED_SOURCE_CANDIDATE,NOT_CLEARED
lex:A1:come,come,NGSL_1_2_CORE,come,65,EXACT_HEADWORD,UNREVIEWED_SOURCE_CANDIDATE,NOT_CLEARED
lex:A1:common,common,NGSL_1_2_CORE,common,567,EXACT_HEADWORD,UNREVIEWED_SOURCE_CANDIDATE,NOT_CLEARED
lex:A1:company,company,NGSL_1_2_CORE,company,107,EXACT_HEADWORD,UNREVIEWED_SOURCE_CANDIDATE,NOT_CLEARED
lex:A1:compare,compare,NGSL_1_2_CORE,compare,614,EXACT_HEADWORD,UNREVIEWED_SOURCE_CANDIDATE,NOT_CLEARED
lex:A1:complete,complete,NGSL_1_2_CORE,complete,581,EXACT_HEADWORD,UNREVIEWED_SOURCE_CANDIDATE,NOT_CLEARED
lex:A1:computer,computer,NGSL_1_2_CORE,computer,429,EXACT_HEADWORD,UNREVIEWED_SOURCE_CANDIDATE,NOT_CLEARED
lex:A1:concert,concert,NGSL_1_2_CORE,concert,1382,EXACT_HEADWORD,UNREVIEWED_SOURCE_CANDIDATE,NOT_CLEARED
lex:A1:conversation,conversation,NGSL_1_2_CORE,conversation,982,EXACT_HEADWORD,UNREVIEWED_SOURCE_CANDIDATE,NOT_CLEARED
lex:A1:cook,cook,NGSL_1_2_CORE,cook,1196,EXACT_HEADWORD,UNREVIEWED_SOURCE_CANDIDATE,NOT_CLEARED
lex:A1:cooking,cooking,NGSL_1_2_CORE,cook,1196,RELATED_LEMMA_ONLY,UNREVIEWED_SOURCE_CANDIDATE,NOT_CLEARED
lex:A1:cool,cool,NGSL_1_2_CORE,cool,1156,EXACT_HEADWORD,UNREVIEWED_SOURCE_CANDIDATE,NOT_CLEARED
lex:A1:correct,correct,NGSL_1_2_CORE,correct,1032,EXACT_HEADWORD,UNREVIEWED_SOURCE_CANDIDATE,NOT_CLEARED
lex:A1:cost,cost,NGSL_1_2_CORE,cost,252,EXACT_HEADWORD,UNREVIEWED_SOURCE_CANDIDATE,NOT_CLEARED
lex:A1:could,could,NGSL_1_2_CORE,could,66,EXACT_HEADWORD,UNREVIEWED_SOURCE_CANDIDATE,NOT_CLEARED
lex:A1:country,country,NGSL_1_2_CORE,country,143,EXACT_HEADWORD,UNREVIEWED_SOURCE_CANDIDATE,NOT_CLEARED
lex:A1:course,course,NGSL_1_2_CORE,course,164,EXACT_HEADWORD,UNREVIEWED_SOURCE_CANDIDATE,NOT_CLEARED
lex:A1:cousin,cousin,NGSL_1_2_CORE,cousin,2361,EXACT_HEADWORD,UNREVIEWED_SOURCE_CANDIDATE,NOT_CLEARED
lex:A1:cow,cow,NGSL_1_2_CORE,cow,2551,EXACT_HEADWORD,UNREVIEWED_SOURCE_CANDIDATE,NOT_CLEARED
lex:A1:cream,cream,NGSL_1_2_CORE,cream,2388,EXACT_HEADWORD,UNREVIEWED_SOURCE_CANDIDATE,NOT_CLEARED
lex:A1:create,create,NGSL_1_2_CORE,create,386,EXACT_HEADWORD,UNREVIEWED_SOURCE_CANDIDATE,NOT_CLEARED
lex:A1:culture,culture,NGSL_1_2_CORE,culture,568,EXACT_HEADWORD,UNREVIEWED_SOURCE_CANDIDATE,NOT_CLEARED
lex:A1:cup,cup,NGSL_1_2_CORE,cup,1491,EXACT_HEADWORD,UNREVIEWED_SOURCE_CANDIDATE,NOT_CLEARED
lex:A1:customer,customer,NGSL_1_2_CORE,customer,487,EXACT_HEADWORD,UNREVIEWED_SOURCE_CANDIDATE,NOT_CLEARED
lex:A1:cut,cut,NGSL_1_2_CORE,cut,456,EXACT_HEADWORD,UNREVIEWED_SOURCE_CANDIDATE,NOT_CLEARED
lex:A1:dad,dad,NGSL_1_2_CORE,dad,1632,EXACT_HEADWORD,UNREVIEWED_SOURCE_CANDIDATE,NOT_CLEARED
lex:A1:dance,dance,NGSL_1_2_CORE,dance,959,EXACT_HEADWORD,UNREVIEWED_SOURCE_CANDIDATE,NOT_CLEARED
lex:A1:dancer,dancer,NGSL_SFI_31K_EXTENSION,dancer,3938,EXACT_HEADWORD,UNREVIEWED_SOURCE_CANDIDATE,NOT_CLEARED
lex:A1:dancing,dancing,NGSL_1_2_CORE,dance,959,RELATED_LEMMA_ONLY,UNREVIEWED_SOURCE_CANDIDATE,NOT_CLEARED
lex:A1:dangerous,dangerous,NGSL_1_2_CORE,dangerous,1419,EXACT_HEADWORD,UNREVIEWED_SOURCE_CANDIDATE,NOT_CLEARED
lex:A1:dark,dark,NGSL_1_2_CORE,dark,923,EXACT_HEADWORD,UNREVIEWED_SOURCE_CANDIDATE,NOT_CLEARED
lex:A1:date,date,NGSL_1_2_CORE,date,483,EXACT_HEADWORD,UNREVIEWED_SOURCE_CANDIDATE,NOT_CLEARED
lex:A1:daughter,daughter,NGSL_1_2_CORE,daughter,927,EXACT_HEADWORD,UNREVIEWED_SOURCE_CANDIDATE,NOT_CLEARED
lex:A1:day,day,NGSL_1_2_CORE,day,85,EXACT_HEADWORD,UNREVIEWED_SOURCE_CANDIDATE,NOT_CLEARED
lex:A1:dear,dear,NGSL_1_2_CORE,dear,1401,EXACT_HEADWORD,UNREVIEWED_SOURCE_CANDIDATE,NOT_CLEARED
lex:A1:december,December,NGSL_1_2_SUPPLEMENT,December,,EXACT_HEADWORD,UNREVIEWED_SOURCE_CANDIDATE,NOT_CLEARED
lex:A1:decide,decide,NGSL_1_2_CORE,decide,359,EXACT_HEADWORD,UNREVIEWED_SOURCE_CANDIDATE,NOT_CLEARED
lex:A1:delicious,delicious,NGSL_SFI_31K_EXTENSION,delicious,3477,EXACT_HEADWORD,UNREVIEWED_SOURCE_CANDIDATE,NOT_CLEARED
lex:A1:describe,describe,NGSL_1_2_CORE,describe,457,EXACT_HEADWORD,UNREVIEWED_SOURCE_CANDIDATE,NOT_CLEARED
lex:A1:description,description,NGSL_1_2_CORE,description,1492,EXACT_HEADWORD,UNREVIEWED_SOURCE_CANDIDATE,NOT_CLEARED
lex:A1:design,design,NGSL_1_2_CORE,design,441,EXACT_HEADWORD,UNREVIEWED_SOURCE_CANDIDATE,NOT_CLEARED
lex:A1:desk,desk,NGSL_1_2_CORE,desk,1588,EXACT_HEADWORD,UNREVIEWED_SOURCE_CANDIDATE,NOT_CLEARED
lex:A1:detail,detail,NGSL_1_2_CORE,detail,472,EXACT_HEADWORD,UNREVIEWED_SOURCE_CANDIDATE,NOT_CLEARED
lex:A1:dialogue,dialogue,NGSL_1_2_CORE,dialog,2387,RELATED_LEMMA_ONLY,UNREVIEWED_SOURCE_CANDIDATE,NOT_CLEARED
lex:A1:dictionary,dictionary,NGSL_SFI_31K_EXTENSION,dictionary,3178,EXACT_HEADWORD,UNREVIEWED_SOURCE_CANDIDATE,NOT_CLEARED
lex:A1:die,die,NGSL_1_2_CORE,die,454,EXACT_HEADWORD,UNREVIEWED_SOURCE_CANDIDATE,NOT_CLEARED
lex:A1:diet,diet,NGSL_1_2_CORE,diet,1847,EXACT_HEADWORD,UNREVIEWED_SOURCE_CANDIDATE,NOT_CLEARED
lex:A1:difference,difference,NGSL_1_2_CORE,difference,473,EXACT_HEADWORD,UNREVIEWED_SOURCE_CANDIDATE,NOT_CLEARED
lex:A1:different,different,NGSL_1_2_CORE,different,149,EXACT_HEADWORD,UNREVIEWED_SOURCE_CANDIDATE,NOT_CLEARED
lex:A1:difficult,difficult,NGSL_1_2_CORE,difficult,470,EXACT_HEADWORD,UNREVIEWED_SOURCE_CANDIDATE,NOT_CLEARED
lex:A1:dinner,dinner,NGSL_1_2_CORE,dinner,1117,EXACT_HEADWORD,UNREVIEWED_SOURCE_CANDIDATE,NOT_CLEARED
lex:A1:dirty,dirty,NGSL_1_2_CORE,dirty,2255,EXACT_HEADWORD,UNREVIEWED_SOURCE_CANDIDATE,NOT_CLEARED
lex:A1:discuss,discuss,NGSL_1_2_CORE,discuss,605,EXACT_HEADWORD,UNREVIEWED_SOURCE_CANDIDATE,NOT_CLEARED
lex:A1:dish,dish,NGSL_1_2_CORE,dish,1882,EXACT_HEADWORD,UNREVIEWED_SOURCE_CANDIDATE,NOT_CLEARED
lex:A1:do,do¹,NGSL_1_2_CORE,do,21,EXACT_HEADWORD,UNREVIEWED_SOURCE_CANDIDATE,NOT_CLEARED
lex:A1:doctor,doctor,NGSL_1_2_CORE,doctor,763,EXACT_HEADWORD,UNREVIEWED_SOURCE_CANDIDATE,NOT_CLEARED
lex:A1:dog,dog,NGSL_1_2_CORE,dog,895,EXACT_HEADWORD,UNREVIEWED_SOURCE_CANDIDATE,NOT_CLEARED
lex:A1:dollar,dollar,NGSL_1_2_CORE,dollar,971,EXACT_HEADWORD,UNREVIEWED_SOURCE_CANDIDATE,NOT_CLEARED
lex:A1:door,door,NGSL_1_2_CORE,door,490,EXACT_HEADWORD,UNREVIEWED_SOURCE_CANDIDATE,NOT_CLEARED
lex:A1:down,down,NGSL_1_2_CORE,down,109,EXACT_HEADWORD,UNREVIEWED_SOURCE_CANDIDATE,NOT_CLEARED
lex:A1:downstairs,downstairs,NGSL_SFI_31K_EXTENSION,downstairs,3878,EXACT_HEADWORD,UNREVIEWED_SOURCE_CANDIDATE,NOT_CLEARED
lex:A1:draw,draw,NGSL_1_2_CORE,draw,481,EXACT_HEADWORD,UNREVIEWED_SOURCE_CANDIDATE,NOT_CLEARED
lex:A1:dress,dress,NGSL_1_2_CORE,dress,899,EXACT_HEADWORD,UNREVIEWED_SOURCE_CANDIDATE,NOT_CLEARED
lex:A1:drink,drink,NGSL_1_2_CORE,drink,655,EXACT_HEADWORD,UNREVIEWED_SOURCE_CANDIDATE,NOT_CLEARED
lex:A1:drive,drive,NGSL_1_2_CORE,drive,387,EXACT_HEADWORD,UNREVIEWED_SOURCE_CANDIDATE,NOT_CLEARED
lex:A1:driver,driver,NGSL_1_2_CORE,driver,1200,EXACT_HEADWORD,UNREVIEWED_SOURCE_CANDIDATE,NOT_CLEARED
lex:A1:during,during,NGSL_1_2_CORE,during,182,EXACT_HEADWORD,UNREVIEWED_SOURCE_CANDIDATE,NOT_CLEARED
lex:A1:dvd,DVD,NO_NGSL_SOURCE_MATCH,,,NO_SOURCE_MATCH,UNREVIEWED_SOURCE_CANDIDATE,NOT_CLEARED
lex:A1:each,each,NGSL_1_2_CORE,each,145,EXACT_HEADWORD,UNREVIEWED_SOURCE_CANDIDATE,NOT_CLEARED
lex:A1:ear,ear,NGSL_1_2_CORE,ear,1664,EXACT_HEADWORD,UNREVIEWED_SOURCE_CANDIDATE,NOT_CLEARED
lex:A1:early,early,NGSL_1_2_CORE,early,197,EXACT_HEADWORD,UNREVIEWED_SOURCE_CANDIDATE,NOT_CLEARED
lex:A1:east,east,NGSL_1_2_CORE,east,1749,EXACT_HEADWORD,UNREVIEWED_SOURCE_CANDIDATE,NOT_CLEARED
lex:A1:easy,easy,NGSL_1_2_CORE,easy,408,EXACT_HEADWORD,UNREVIEWED_SOURCE_CANDIDATE,NOT_CLEARED
lex:A1:eat,eat,NGSL_1_2_CORE,eat,476,EXACT_HEADWORD,UNREVIEWED_SOURCE_CANDIDATE,NOT_CLEARED
lex:A1:egg,egg,NGSL_1_2_CORE,egg,1381,EXACT_HEADWORD,UNREVIEWED_SOURCE_CANDIDATE,NOT_CLEARED
lex:A1:eight,eight,NGSL_1_2_SUPPLEMENT,eight,,EXACT_HEADWORD,UNREVIEWED_SOURCE_CANDIDATE,NOT_CLEARED
lex:A1:eighteen,eighteen,NGSL_1_2_SUPPLEMENT,eighteen,,EXACT_HEADWORD,UNREVIEWED_SOURCE_CANDIDATE,NOT_CLEARED
lex:A1:eighty,eighty,NGSL_1_2_SUPPLEMENT,eighty,,EXACT_HEADWORD,UNREVIEWED_SOURCE_CANDIDATE,NOT_CLEARED
lex:A1:elephant,elephant,NGSL_SFI_31K_EXTENSION,elephant,3648,EXACT_HEADWORD,UNREVIEWED_SOURCE_CANDIDATE,NOT_CLEARED
lex:A1:eleven,eleven,NGSL_1_2_SUPPLEMENT,eleven,,EXACT_HEADWORD,UNREVIEWED_SOURCE_CANDIDATE,NOT_CLEARED
lex:A1:else,else,NGSL_1_2_CORE,else,466,EXACT_HEADWORD,UNREVIEWED_SOURCE_CANDIDATE,NOT_CLEARED
lex:A1:email,email,NGSL_1_2_CORE,email,1169,EXACT_HEADWORD,UNREVIEWED_SOURCE_CANDIDATE,NOT_CLEARED
lex:A1:end,end,NGSL_1_2_CORE,end,152,EXACT_HEADWORD,UNREVIEWED_SOURCE_CANDIDATE,NOT_CLEARED
lex:A1:enjoy,enjoy,NGSL_1_2_CORE,enjoy,504,EXACT_HEADWORD,UNREVIEWED_SOURCE_CANDIDATE,NOT_CLEARED
lex:A1:enough,enough,NGSL_1_2_CORE,enough,267,EXACT_HEADWORD,UNREVIEWED_SOURCE_CANDIDATE,NOT_CLEARED
lex:A1:euro,euro,NGSL_SFI_31K_EXTENSION,euro,4647,EXACT_HEADWORD,UNREVIEWED_SOURCE_CANDIDATE,NOT_CLEARED
lex:A1:even,even,NGSL_1_2_CORE,even,96,EXACT_HEADWORD,UNREVIEWED_SOURCE_CANDIDATE,NOT_CLEARED
lex:A1:evening,evening,NGSL_1_2_CORE,evening,679,EXACT_HEADWORD,UNREVIEWED_SOURCE_CANDIDATE,NOT_CLEARED
lex:A1:event,event,NGSL_1_2_CORE,event,442,EXACT_HEADWORD,UNREVIEWED_SOURCE_CANDIDATE,NOT_CLEARED
lex:A1:ever,ever,NGSL_1_2_CORE,ever,317,EXACT_HEADWORD,UNREVIEWED_SOURCE_CANDIDATE,NOT_CLEARED
lex:A1:every,every,NGSL_1_2_CORE,every,180,EXACT_HEADWORD,UNREVIEWED_SOURCE_CANDIDATE,NOT_CLEARED
lex:A1:everybody,everybody,NGSL_1_2_CORE,everybody,933,EXACT_HEADWORD,UNREVIEWED_SOURCE_CANDIDATE,NOT_CLEARED
lex:A1:everyone,everyone,NGSL_1_2_CORE,everyone,650,EXACT_HEADWORD,UNREVIEWED_SOURCE_CANDIDATE,NOT_CLEARED
lex:A1:everything,everything,NGSL_1_2_CORE,everything,422,EXACT_HEADWORD,UNREVIEWED_SOURCE_CANDIDATE,NOT_CLEARED
lex:A1:exam,exam,NGSL_1_2_CORE,exam,2244,EXACT_HEADWORD,UNREVIEWED_SOURCE_CANDIDATE,NOT_CLEARED
lex:A1:example,example,NGSL_1_2_CORE,example,235,EXACT_HEADWORD,UNREVIEWED_SOURCE_CANDIDATE,NOT_CLEARED
lex:A1:excited,excited,NGSL_1_2_CORE,excite,1142,RELATED_LEMMA_ONLY,UNREVIEWED_SOURCE_CANDIDATE,NOT_CLEARED
lex:A1:exciting,exciting,NGSL_1_2_CORE,excite,1142,RELATED_LEMMA_ONLY,UNREVIEWED_SOURCE_CANDIDATE,NOT_CLEARED
lex:A1:exercise,exercise,NGSL_1_2_CORE,exercise,917,EXACT_HEADWORD,UNREVIEWED_SOURCE_CANDIDATE,NOT_CLEARED
lex:A1:expensive,expensive,NGSL_1_2_CORE,expensive,1061,EXACT_HEADWORD,UNREVIEWED_SOURCE_CANDIDATE,NOT_CLEARED
lex:A1:explain,explain,NGSL_1_2_CORE,explain,489,EXACT_HEADWORD,UNREVIEWED_SOURCE_CANDIDATE,NOT_CLEARED
lex:A1:extra,extra,NGSL_1_2_CORE,extra,1058,EXACT_HEADWORD,UNREVIEWED_SOURCE_CANDIDATE,NOT_CLEARED
lex:A1:eye,eye,NGSL_1_2_CORE,eye,391,EXACT_HEADWORD,UNREVIEWED_SOURCE_CANDIDATE,NOT_CLEARED
lex:A1:face,face,NGSL_1_2_CORE,face,249,EXACT_HEADWORD,UNREVIEWED_SOURCE_CANDIDATE,NOT_CLEARED
lex:A1:fact,fact,NGSL_1_2_CORE,fact,202,EXACT_HEADWORD,UNREVIEWED_SOURCE_CANDIDATE,NOT_CLEARED
lex:A1:fall,fall,NGSL_1_2_CORE,fall,320,EXACT_HEADWORD,UNREVIEWED_SOURCE_CANDIDATE,NOT_CLEARED
lex:A1:false,false,NGSL_1_2_CORE,FALSE,2098,EXACT_HEADWORD,UNREVIEWED_SOURCE_CANDIDATE,NOT_CLEARED
lex:A1:family,family,NGSL_1_2_CORE,family,172,EXACT_HEADWORD,UNREVIEWED_SOURCE_CANDIDATE,NOT_CLEARED
lex:A1:famous,famous,NGSL_1_2_CORE,famous,1017,EXACT_HEADWORD,UNREVIEWED_SOURCE_CANDIDATE,NOT_CLEARED
lex:A1:fantastic,fantastic,NGSL_1_2_CORE,fantastic,2492,EXACT_HEADWORD,UNREVIEWED_SOURCE_CANDIDATE,NOT_CLEARED
lex:A1:far,far,NGSL_1_2_CORE,far,245,EXACT_HEADWORD,UNREVIEWED_SOURCE_CANDIDATE,NOT_CLEARED
lex:A1:farm,farm,NGSL_1_2_CORE,farm,1083,EXACT_HEADWORD,UNREVIEWED_SOURCE_CANDIDATE,NOT_CLEARED
lex:A1:farmer,farmer,NGSL_1_2_CORE,farmer,1580,EXACT_HEADWORD,UNREVIEWED_SOURCE_CANDIDATE,NOT_CLEARED
lex:A1:fast,fast,NGSL_1_2_CORE,fast,631,EXACT_HEADWORD,UNREVIEWED_SOURCE_CANDIDATE,NOT_CLEARED
lex:A1:fat,fat,NGSL_1_2_CORE,fat,1654,EXACT_HEADWORD,UNREVIEWED_SOURCE_CANDIDATE,NOT_CLEARED
lex:A1:father,father,NGSL_1_2_CORE,father,448,EXACT_HEADWORD,UNREVIEWED_SOURCE_CANDIDATE,NOT_CLEARED
lex:A1:favourite,favourite,NGSL_1_2_CORE,favorite,1000,BRITISH_US_VARIANT,UNREVIEWED_SOURCE_CANDIDATE,NOT_CLEARED
lex:A1:february,February,NGSL_1_2_SUPPLEMENT,February,,EXACT_HEADWORD,UNREVIEWED_SOURCE_CANDIDATE,NOT_CLEARED
lex:A1:feel,feel,NGSL_1_2_CORE,feel,117,EXACT_HEADWORD,UNREVIEWED_SOURCE_CANDIDATE,NOT_CLEARED
lex:A1:feeling,feeling,NGSL_1_2_CORE,feel,117,RELATED_LEMMA_ONLY,UNREVIEWED_SOURCE_CANDIDATE,NOT_CLEARED
lex:A1:festival,festival,NGSL_1_2_CORE,festival,2215,EXACT_HEADWORD,UNREVIEWED_SOURCE_CANDIDATE,NOT_CLEARED
lex:A1:few,few,NGSL_1_2_CORE,few,195,EXACT_HEADWORD,UNREVIEWED_SOURCE_CANDIDATE,NOT_CLEARED
lex:A1:fifteen,fifteen,NGSL_1_2_SUPPLEMENT,fifteen,,EXACT_HEADWORD,UNREVIEWED_SOURCE_CANDIDATE,NOT_CLEARED
lex:A1:fifth,fifth,NGSL_1_2_SUPPLEMENT,five,,GRAMMATICAL_FORM,UNREVIEWED_SOURCE_CANDIDATE,NOT_CLEARED
lex:A1:fifty,fifty,NGSL_1_2_SUPPLEMENT,fifty,,EXACT_HEADWORD,UNREVIEWED_SOURCE_CANDIDATE,NOT_CLEARED
lex:A1:fill,fill,NGSL_1_2_CORE,fill,845,EXACT_HEADWORD,UNREVIEWED_SOURCE_CANDIDATE,NOT_CLEARED
lex:A1:film,film,NGSL_1_2_CORE,film,433,EXACT_HEADWORD,UNREVIEWED_SOURCE_CANDIDATE,NOT_CLEARED
lex:A1:final,final,NGSL_1_2_CORE,final,698,EXACT_HEADWORD,UNREVIEWED_SOURCE_CANDIDATE,NOT_CLEARED
lex:A1:find,find,NGSL_1_2_CORE,find,81,EXACT_HEADWORD,UNREVIEWED_SOURCE_CANDIDATE,NOT_CLEARED
lex:A1:fine,fine,NGSL_1_2_CORE,fine,597,EXACT_HEADWORD,UNREVIEWED_SOURCE_CANDIDATE,NOT_CLEARED
lex:A1:finish,finish,NGSL_1_2_CORE,finish,609,EXACT_HEADWORD,UNREVIEWED_SOURCE_CANDIDATE,NOT_CLEARED
lex:A1:fire,fire,NGSL_1_2_CORE,fire,613,EXACT_HEADWORD,UNREVIEWED_SOURCE_CANDIDATE,NOT_CLEARED
lex:A1:first,first,NGSL_1_2_CORE,first,78,EXACT_HEADWORD,UNREVIEWED_SOURCE_CANDIDATE,NOT_CLEARED
lex:A1:fish,fish,NGSL_1_2_CORE,fish,828,EXACT_HEADWORD,UNREVIEWED_SOURCE_CANDIDATE,NOT_CLEARED
lex:A1:five,five,NGSL_1_2_SUPPLEMENT,five,,EXACT_HEADWORD,UNREVIEWED_SOURCE_CANDIDATE,NOT_CLEARED
lex:A1:flat,flat,NGSL_1_2_CORE,flat,1077,EXACT_HEADWORD,UNREVIEWED_SOURCE_CANDIDATE,NOT_CLEARED
lex:A1:flight,flight,NGSL_1_2_CORE,flight,1219,EXACT_HEADWORD,UNREVIEWED_SOURCE_CANDIDATE,NOT_CLEARED
lex:A1:floor,floor,NGSL_1_2_CORE,floor,751,EXACT_HEADWORD,UNREVIEWED_SOURCE_CANDIDATE,NOT_CLEARED
lex:A1:flower,flower,NGSL_1_2_CORE,flower,1301,EXACT_HEADWORD,UNREVIEWED_SOURCE_CANDIDATE,NOT_CLEARED
lex:A1:fly,fly,NGSL_1_2_CORE,fly,881,EXACT_HEADWORD,UNREVIEWED_SOURCE_CANDIDATE,NOT_CLEARED
lex:A1:follow,follow,NGSL_1_2_CORE,follow,188,EXACT_HEADWORD,UNREVIEWED_SOURCE_CANDIDATE,NOT_CLEARED
lex:A1:food,food,NGSL_1_2_CORE,food,367,EXACT_HEADWORD,UNREVIEWED_SOURCE_CANDIDATE,NOT_CLEARED
lex:A1:foot,foot,NGSL_1_2_CORE,foot,576,EXACT_HEADWORD,UNREVIEWED_SOURCE_CANDIDATE,NOT_CLEARED
lex:A1:football,football,NGSL_1_2_CORE,football,1217,EXACT_HEADWORD,UNREVIEWED_SOURCE_CANDIDATE,NOT_CLEARED
lex:A1:for,for,NGSL_1_2_CORE,for,12,EXACT_HEADWORD,UNREVIEWED_SOURCE_CANDIDATE,NOT_CLEARED
lex:A1:forget,forget,NGSL_1_2_CORE,forget,651,EXACT_HEADWORD,UNREVIEWED_SOURCE_CANDIDATE,NOT_CLEARED
lex:A1:form,form,NGSL_1_2_CORE,form,257,EXACT_HEADWORD,UNREVIEWED_SOURCE_CANDIDATE,NOT_CLEARED
lex:A1:forty,forty,NGSL_1_2_SUPPLEMENT,forty,,EXACT_HEADWORD,UNREVIEWED_SOURCE_CANDIDATE,NOT_CLEARED
lex:A1:four,four,NGSL_1_2_SUPPLEMENT,four,,EXACT_HEADWORD,UNREVIEWED_SOURCE_CANDIDATE,NOT_CLEARED
lex:A1:fourteen,fourteen,NGSL_1_2_SUPPLEMENT,fourteen,,EXACT_HEADWORD,UNREVIEWED_SOURCE_CANDIDATE,NOT_CLEARED
lex:A1:fourth,fourth,NGSL_1_2_SUPPLEMENT,four,,GRAMMATICAL_FORM,UNREVIEWED_SOURCE_CANDIDATE,NOT_CLEARED
lex:A1:free,free,NGSL_1_2_CORE,free,395,EXACT_HEADWORD,UNREVIEWED_SOURCE_CANDIDATE,NOT_CLEARED
lex:A1:friday,Friday,NGSL_1_2_SUPPLEMENT,Friday,,EXACT_HEADWORD,UNREVIEWED_SOURCE_CANDIDATE,NOT_CLEARED
lex:A1:friend,friend,NGSL_1_2_CORE,friend,208,EXACT_HEADWORD,UNREVIEWED_SOURCE_CANDIDATE,NOT_CLEARED
lex:A1:friendly,friendly,NGSL_1_2_CORE,friendly,1538,EXACT_HEADWORD,UNREVIEWED_SOURCE_CANDIDATE,NOT_CLEARED
lex:A1:from,from,NGSL_1_2_CORE,from,26,EXACT_HEADWORD,UNREVIEWED_SOURCE_CANDIDATE,NOT_CLEARED
lex:A1:front,front,NGSL_1_2_CORE,front,488,EXACT_HEADWORD,UNREVIEWED_SOURCE_CANDIDATE,NOT_CLEARED
lex:A1:fruit,fruit,NGSL_1_2_CORE,fruit,1640,EXACT_HEADWORD,UNREVIEWED_SOURCE_CANDIDATE,NOT_CLEARED
lex:A1:full,full,NGSL_1_2_CORE,full,410,EXACT_HEADWORD,UNREVIEWED_SOURCE_CANDIDATE,NOT_CLEARED
lex:A1:fun,fun,NGSL_1_2_CORE,fun,902,EXACT_HEADWORD,UNREVIEWED_SOURCE_CANDIDATE,NOT_CLEARED
lex:A1:funny,funny,NGSL_1_2_CORE,funny,1237,EXACT_HEADWORD,UNREVIEWED_SOURCE_CANDIDATE,NOT_CLEARED
lex:A1:future,future,NGSL_1_2_CORE,future,370,EXACT_HEADWORD,UNREVIEWED_SOURCE_CANDIDATE,NOT_CLEARED
lex:A1:game,game,NGSL_1_2_CORE,game,393,EXACT_HEADWORD,UNREVIEWED_SOURCE_CANDIDATE,NOT_CLEARED
lex:A1:garden,garden,NGSL_1_2_CORE,garden,972,EXACT_HEADWORD,UNREVIEWED_SOURCE_CANDIDATE,NOT_CLEARED
lex:A1:geography,geography,NGSL_SFI_31K_EXTENSION,geography,4336,EXACT_HEADWORD,UNREVIEWED_SOURCE_CANDIDATE,NOT_CLEARED
lex:A1:get,get,NGSL_1_2_CORE,get,43,EXACT_HEADWORD,UNREVIEWED_SOURCE_CANDIDATE,NOT_CLEARED
lex:A1:girl,girl,NGSL_1_2_CORE,girl,463,EXACT_HEADWORD,UNREVIEWED_SOURCE_CANDIDATE,NOT_CLEARED
lex:A1:girlfriend,girlfriend,NGSL_SFI_31K_EXTENSION,girlfriend,2948,EXACT_HEADWORD,UNREVIEWED_SOURCE_CANDIDATE,NOT_CLEARED
lex:A1:give,give,NGSL_1_2_CORE,give,77,EXACT_HEADWORD,UNREVIEWED_SOURCE_CANDIDATE,NOT_CLEARED
lex:A1:glass,glass,NGSL_1_2_CORE,glass,1042,EXACT_HEADWORD,UNREVIEWED_SOURCE_CANDIDATE,NOT_CLEARED
lex:A1:go,go,NGSL_1_2_CORE,go,31,EXACT_HEADWORD,UNREVIEWED_SOURCE_CANDIDATE,NOT_CLEARED
lex:A1:good,good,NGSL_1_2_CORE,good,56,EXACT_HEADWORD,UNREVIEWED_SOURCE_CANDIDATE,NOT_CLEARED
lex:A1:goodbye,goodbye,NGSL_SFI_31K_EXTENSION,goodbye,3806,EXACT_HEADWORD,UNREVIEWED_SOURCE_CANDIDATE,NOT_CLEARED
lex:A1:grandfather,grandfather,NGSL_SFI_31K_EXTENSION,grandfather,3124,EXACT_HEADWORD,UNREVIEWED_SOURCE_CANDIDATE,NOT_CLEARED
lex:A1:grandmother,grandmother,NGSL_1_2_CORE,grandmother,2604,EXACT_HEADWORD,UNREVIEWED_SOURCE_CANDIDATE,NOT_CLEARED
lex:A1:grandparent,grandparent,NGSL_SFI_31K_EXTENSION,grandparent,3669,EXACT_HEADWORD,UNREVIEWED_SOURCE_CANDIDATE,NOT_CLEARED
lex:A1:great,great,NGSL_1_2_CORE,great,124,EXACT_HEADWORD,UNREVIEWED_SOURCE_CANDIDATE,NOT_CLEARED
lex:A1:green,green,NGSL_1_2_CORE,green,940,EXACT_HEADWORD,UNREVIEWED_SOURCE_CANDIDATE,NOT_CLEARED
lex:A1:grey,grey,NGSL_1_2_CORE,gray,1849,BRITISH_US_VARIANT,UNREVIEWED_SOURCE_CANDIDATE,NOT_CLEARED
lex:A1:group,group,NGSL_1_2_CORE,group,167,EXACT_HEADWORD,UNREVIEWED_SOURCE_CANDIDATE,NOT_CLEARED
lex:A1:grow,grow,NGSL_1_2_CORE,grow,335,EXACT_HEADWORD,UNREVIEWED_SOURCE_CANDIDATE,NOT_CLEARED
lex:A1:guess,guess,NGSL_1_2_CORE,guess,901,EXACT_HEADWORD,UNREVIEWED_SOURCE_CANDIDATE,NOT_CLEARED
lex:A1:guitar,guitar,NGSL_1_2_CORE,guitar,2589,EXACT_HEADWORD,UNREVIEWED_SOURCE_CANDIDATE,NOT_CLEARED
lex:A1:gym,gym,NGSL_SFI_31K_EXTENSION,gym,3607,EXACT_HEADWORD,UNREVIEWED_SOURCE_CANDIDATE,NOT_CLEARED
lex:A1:hair,hair,NGSL_1_2_CORE,hair,913,EXACT_HEADWORD,UNREVIEWED_SOURCE_CANDIDATE,NOT_CLEARED
lex:A1:half,half,NGSL_1_2_CORE,half,365,EXACT_HEADWORD,UNREVIEWED_SOURCE_CANDIDATE,NOT_CLEARED
lex:A1:hand,hand,NGSL_1_2_CORE,hand,198,EXACT_HEADWORD,UNREVIEWED_SOURCE_CANDIDATE,NOT_CLEARED
lex:A1:happen,happen,NGSL_1_2_CORE,happen,236,EXACT_HEADWORD,UNREVIEWED_SOURCE_CANDIDATE,NOT_CLEARED
lex:A1:happy,happy,NGSL_1_2_CORE,happy,513,EXACT_HEADWORD,UNREVIEWED_SOURCE_CANDIDATE,NOT_CLEARED
lex:A1:hard,hard,NGSL_1_2_CORE,hard,298,EXACT_HEADWORD,UNREVIEWED_SOURCE_CANDIDATE,NOT_CLEARED
lex:A1:hat,hat,NGSL_1_2_CORE,hat,1750,EXACT_HEADWORD,UNREVIEWED_SOURCE_CANDIDATE,NOT_CLEARED
lex:A1:hate,hate,NGSL_1_2_CORE,hate,1380,EXACT_HEADWORD,UNREVIEWED_SOURCE_CANDIDATE,NOT_CLEARED
lex:A1:have,have,NGSL_1_2_CORE,have,8,EXACT_HEADWORD,UNREVIEWED_SOURCE_CANDIDATE,NOT_CLEARED
lex:A1:have-to,have to,NGSL_1_2_CORE,have,8,PHRASE_COMPONENT_ONLY,UNREVIEWED_SOURCE_CANDIDATE,NOT_CLEARED
lex:A1:he,he,NGSL_1_2_CORE,he,11,EXACT_HEADWORD,UNREVIEWED_SOURCE_CANDIDATE,NOT_CLEARED
lex:A1:head,head,NGSL_1_2_CORE,head,259,EXACT_HEADWORD,UNREVIEWED_SOURCE_CANDIDATE,NOT_CLEARED
lex:A1:health,health,NGSL_1_2_CORE,health,475,EXACT_HEADWORD,UNREVIEWED_SOURCE_CANDIDATE,NOT_CLEARED
lex:A1:healthy,healthy,NGSL_1_2_CORE,healthy,1362,EXACT_HEADWORD,UNREVIEWED_SOURCE_CANDIDATE,NOT_CLEARED
lex:A1:hear,hear,NGSL_1_2_CORE,hear,178,EXACT_HEADWORD,UNREVIEWED_SOURCE_CANDIDATE,NOT_CLEARED
lex:A1:hello,hello,NGSL_1_2_CORE,hello,2803,EXACT_HEADWORD,UNREVIEWED_SOURCE_CANDIDATE,NOT_CLEARED
lex:A1:help,help,NGSL_1_2_CORE,help,133,EXACT_HEADWORD,UNREVIEWED_SOURCE_CANDIDATE,NOT_CLEARED
lex:A1:her,her,NGSL_1_2_CORE,she,24,GRAMMATICAL_FORM,UNREVIEWED_SOURCE_CANDIDATE,NOT_CLEARED
lex:A1:here,here,NGSL_1_2_CORE,here,98,EXACT_HEADWORD,UNREVIEWED_SOURCE_CANDIDATE,NOT_CLEARED
lex:A1:hey,hey,NGSL_SFI_31K_EXTENSION,hey,2418,EXACT_HEADWORD,UNREVIEWED_SOURCE_CANDIDATE,NOT_CLEARED
lex:A1:hi,hi,NGSL_1_2_CORE,hi,1826,EXACT_HEADWORD,UNREVIEWED_SOURCE_CANDIDATE,NOT_CLEARED
lex:A1:high,high,NGSL_1_2_CORE,high,148,EXACT_HEADWORD,UNREVIEWED_SOURCE_CANDIDATE,NOT_CLEARED
lex:A1:him,him,NGSL_1_2_CORE,he,11,GRAMMATICAL_FORM,UNREVIEWED_SOURCE_CANDIDATE,NOT_CLEARED
lex:A1:his,his,NGSL_1_2_CORE,he,11,GRAMMATICAL_FORM,UNREVIEWED_SOURCE_CANDIDATE,NOT_CLEARED
lex:A1:history,history,NGSL_1_2_CORE,history,385,EXACT_HEADWORD,UNREVIEWED_SOURCE_CANDIDATE,NOT_CLEARED
lex:A1:hobby,hobby,NGSL_SFI_31K_EXTENSION,hobby,3525,EXACT_HEADWORD,UNREVIEWED_SOURCE_CANDIDATE,NOT_CLEARED
lex:A1:holiday,holiday,NGSL_1_2_CORE,holiday,742,EXACT_HEADWORD,UNREVIEWED_SOURCE_CANDIDATE,NOT_CLEARED
lex:A1:home,home,NGSL_1_2_CORE,home,161,EXACT_HEADWORD,UNREVIEWED_SOURCE_CANDIDATE,NOT_CLEARED
lex:A1:homework,homework,NGSL_SFI_31K_EXTENSION,homework,3361,EXACT_HEADWORD,UNREVIEWED_SOURCE_CANDIDATE,NOT_CLEARED
lex:A1:hope,hope,NGSL_1_2_CORE,hope,250,EXACT_HEADWORD,UNREVIEWED_SOURCE_CANDIDATE,NOT_CLEARED
lex:A1:horse,horse,NGSL_1_2_CORE,horse,1139,EXACT_HEADWORD,UNREVIEWED_SOURCE_CANDIDATE,NOT_CLEARED
lex:A1:hospital,hospital,NGSL_1_2_CORE,hospital,782,EXACT_HEADWORD,UNREVIEWED_SOURCE_CANDIDATE,NOT_CLEARED
lex:A1:hot,hot,NGSL_1_2_CORE,hot,885,EXACT_HEADWORD,UNREVIEWED_SOURCE_CANDIDATE,NOT_CLEARED
lex:A1:hotel,hotel,NGSL_1_2_CORE,hotel,759,EXACT_HEADWORD,UNREVIEWED_SOURCE_CANDIDATE,NOT_CLEARED
lex:A1:hour,hour,NGSL_1_2_CORE,hour,247,EXACT_HEADWORD,UNREVIEWED_SOURCE_CANDIDATE,NOT_CLEARED
lex:A1:house,house,NGSL_1_2_CORE,house,165,EXACT_HEADWORD,UNREVIEWED_SOURCE_CANDIDATE,NOT_CLEARED
lex:A1:how,how,NGSL_1_2_CORE,how,93,EXACT_HEADWORD,UNREVIEWED_SOURCE_CANDIDATE,NOT_CLEARED
lex:A1:however,however,NGSL_1_2_CORE,however,203,EXACT_HEADWORD,UNREVIEWED_SOURCE_CANDIDATE,NOT_CLEARED
lex:A1:hundred,hundred,NGSL_1_2_SUPPLEMENT,hundred,,EXACT_HEADWORD,UNREVIEWED_SOURCE_CANDIDATE,NOT_CLEARED
lex:A1:hungry,hungry,NGSL_SFI_31K_EXTENSION,hungry,3138,EXACT_HEADWORD,UNREVIEWED_SOURCE_CANDIDATE,NOT_CLEARED
lex:A1:husband,husband,NGSL_1_2_CORE,husband,801,EXACT_HEADWORD,UNREVIEWED_SOURCE_CANDIDATE,NOT_CLEARED
lex:A1:i,I,NGSL_1_2_CORE,I,20,EXACT_HEADWORD,UNREVIEWED_SOURCE_CANDIDATE,NOT_CLEARED
lex:A1:ice,ice,NGSL_1_2_CORE,ice,1554,EXACT_HEADWORD,UNREVIEWED_SOURCE_CANDIDATE,NOT_CLEARED
lex:A1:ice-cream,ice cream,NGSL_1_2_CORE,ice,1554,PHRASE_COMPONENT_ONLY,UNREVIEWED_SOURCE_CANDIDATE,NOT_CLEARED
lex:A1:idea,idea,NGSL_1_2_CORE,idea,251,EXACT_HEADWORD,UNREVIEWED_SOURCE_CANDIDATE,NOT_CLEARED
lex:A1:if,if,NGSL_1_2_CORE,if,34,EXACT_HEADWORD,UNREVIEWED_SOURCE_CANDIDATE,NOT_CLEARED
lex:A1:imagine,imagine,NGSL_1_2_CORE,imagine,924,EXACT_HEADWORD,UNREVIEWED_SOURCE_CANDIDATE,NOT_CLEARED
lex:A1:important,important,NGSL_1_2_CORE,important,190,EXACT_HEADWORD,UNREVIEWED_SOURCE_CANDIDATE,NOT_CLEARED
lex:A1:improve,improve,NGSL_1_2_CORE,improve,508,EXACT_HEADWORD,UNREVIEWED_SOURCE_CANDIDATE,NOT_CLEARED
lex:A1:in,in,NGSL_1_2_CORE,in,7,EXACT_HEADWORD,UNREVIEWED_SOURCE_CANDIDATE,NOT_CLEARED
lex:A1:include,include,NGSL_1_2_CORE,include,163,EXACT_HEADWORD,UNREVIEWED_SOURCE_CANDIDATE,NOT_CLEARED
lex:A1:information,information,NGSL_1_2_CORE,information,213,EXACT_HEADWORD,UNREVIEWED_SOURCE_CANDIDATE,NOT_CLEARED
lex:A1:interest,interest,NGSL_1_2_CORE,interest,142,EXACT_HEADWORD,UNREVIEWED_SOURCE_CANDIDATE,NOT_CLEARED
lex:A1:interested,interested,NGSL_1_2_CORE,interest,142,RELATED_LEMMA_ONLY,UNREVIEWED_SOURCE_CANDIDATE,NOT_CLEARED
lex:A1:interesting,interesting,NGSL_1_2_CORE,interest,142,RELATED_LEMMA_ONLY,UNREVIEWED_SOURCE_CANDIDATE,NOT_CLEARED
lex:A1:internet,internet,NGSL_SFI_31K_EXTENSION,internet,16474,EXACT_HEADWORD,UNREVIEWED_SOURCE_CANDIDATE,NOT_CLEARED
lex:A1:interview,interview,NGSL_1_2_CORE,interview,784,EXACT_HEADWORD,UNREVIEWED_SOURCE_CANDIDATE,NOT_CLEARED
lex:A1:into,into,NGSL_1_2_CORE,into,73,EXACT_HEADWORD,UNREVIEWED_SOURCE_CANDIDATE,NOT_CLEARED
lex:A1:introduce,introduce,NGSL_1_2_CORE,introduce,772,EXACT_HEADWORD,UNREVIEWED_SOURCE_CANDIDATE,NOT_CLEARED
lex:A1:island,island,NGSL_1_2_CORE,island,1214,EXACT_HEADWORD,UNREVIEWED_SOURCE_CANDIDATE,NOT_CLEARED
lex:A1:it,it,NGSL_1_2_CORE,it,9,EXACT_HEADWORD,UNREVIEWED_SOURCE_CANDIDATE,NOT_CLEARED
lex:A1:its,its,NGSL_1_2_CORE,it,9,GRAMMATICAL_FORM,UNREVIEWED_SOURCE_CANDIDATE,NOT_CLEARED
lex:A1:jacket,jacket,NGSL_1_2_CORE,jacket,2253,EXACT_HEADWORD,UNREVIEWED_SOURCE_CANDIDATE,NOT_CLEARED
lex:A1:january,January,NGSL_1_2_SUPPLEMENT,January,,EXACT_HEADWORD,UNREVIEWED_SOURCE_CANDIDATE,NOT_CLEARED
lex:A1:jeans,jeans,NGSL_SFI_31K_EXTENSION,jeans,2664,EXACT_HEADWORD,UNREVIEWED_SOURCE_CANDIDATE,NOT_CLEARED
lex:A1:job,job,NGSL_1_2_CORE,job,231,EXACT_HEADWORD,UNREVIEWED_SOURCE_CANDIDATE,NOT_CLEARED
lex:A1:join,join,NGSL_1_2_CORE,join,469,EXACT_HEADWORD,UNREVIEWED_SOURCE_CANDIDATE,NOT_CLEARED
lex:A1:journey,journey,NGSL_1_2_CORE,journey,1621,EXACT_HEADWORD,UNREVIEWED_SOURCE_CANDIDATE,NOT_CLEARED
lex:A1:juice,juice,NGSL_SFI_31K_EXTENSION,juice,3062,EXACT_HEADWORD,UNREVIEWED_SOURCE_CANDIDATE,NOT_CLEARED
lex:A1:july,July,NGSL_1_2_SUPPLEMENT,July,,EXACT_HEADWORD,UNREVIEWED_SOURCE_CANDIDATE,NOT_CLEARED
lex:A1:june,June,NGSL_1_2_SUPPLEMENT,June,,EXACT_HEADWORD,UNREVIEWED_SOURCE_CANDIDATE,NOT_CLEARED
lex:A1:just,just,NGSL_1_2_CORE,just,64,EXACT_HEADWORD,UNREVIEWED_SOURCE_CANDIDATE,NOT_CLEARED
lex:A1:keep,keep,NGSL_1_2_CORE,keep,177,EXACT_HEADWORD,UNREVIEWED_SOURCE_CANDIDATE,NOT_CLEARED
lex:A1:key,key,NGSL_1_2_CORE,key,659,EXACT_HEADWORD,UNREVIEWED_SOURCE_CANDIDATE,NOT_CLEARED
lex:A1:kilometre,kilometre,NGSL_SFI_31K_EXTENSION,kilometer,3270,BRITISH_US_VARIANT,UNREVIEWED_SOURCE_CANDIDATE,NOT_CLEARED
lex:A1:kind-type,kind (type),NGSL_1_2_CORE,kind,176,EXACT_HEADWORD,UNREVIEWED_SOURCE_CANDIDATE,NOT_CLEARED
lex:A1:kitchen,kitchen,NGSL_1_2_CORE,kitchen,1307,EXACT_HEADWORD,UNREVIEWED_SOURCE_CANDIDATE,NOT_CLEARED
lex:A1:know,know,NGSL_1_2_CORE,know,41,EXACT_HEADWORD,UNREVIEWED_SOURCE_CANDIDATE,NOT_CLEARED
lex:A1:land,land,NGSL_1_2_CORE,land,497,EXACT_HEADWORD,UNREVIEWED_SOURCE_CANDIDATE,NOT_CLEARED
lex:A1:language,language,NGSL_1_2_CORE,language,360,EXACT_HEADWORD,UNREVIEWED_SOURCE_CANDIDATE,NOT_CLEARED
lex:A1:large,large,NGSL_1_2_CORE,large,210,EXACT_HEADWORD,UNREVIEWED_SOURCE_CANDIDATE,NOT_CLEARED
lex:A1:last-final,last¹ (final),NGSL_1_2_CORE,last,101,EXACT_HEADWORD,UNREVIEWED_SOURCE_CANDIDATE,NOT_CLEARED
lex:A1:late,late,NGSL_1_2_CORE,late,147,EXACT_HEADWORD,UNREVIEWED_SOURCE_CANDIDATE,NOT_CLEARED
lex:A1:later,later,NGSL_1_2_CORE,late,147,RELATED_LEMMA_ONLY,UNREVIEWED_SOURCE_CANDIDATE,NOT_CLEARED
lex:A1:laugh,laugh,NGSL_1_2_CORE,laugh,620,EXACT_HEADWORD,UNREVIEWED_SOURCE_CANDIDATE,NOT_CLEARED
lex:A1:learn,learn,NGSL_1_2_CORE,learn,261,EXACT_HEADWORD,UNREVIEWED_SOURCE_CANDIDATE,NOT_CLEARED
lex:A1:leave,leave,NGSL_1_2_CORE,leave,126,EXACT_HEADWORD,UNREVIEWED_SOURCE_CANDIDATE,NOT_CLEARED
lex:A1:left,left,NGSL_1_2_CORE,left,1220,EXACT_HEADWORD,UNREVIEWED_SOURCE_CANDIDATE,NOT_CLEARED
lex:A1:leg,leg,NGSL_1_2_CORE,leg,1097,EXACT_HEADWORD,UNREVIEWED_SOURCE_CANDIDATE,NOT_CLEARED
lex:A1:lesson,lesson,NGSL_1_2_CORE,lesson,1234,EXACT_HEADWORD,UNREVIEWED_SOURCE_CANDIDATE,NOT_CLEARED
lex:A1:let,let,NGSL_1_2_CORE,let,174,EXACT_HEADWORD,UNREVIEWED_SOURCE_CANDIDATE,NOT_CLEARED
lex:A1:letter,letter,NGSL_1_2_CORE,letter,358,EXACT_HEADWORD,UNREVIEWED_SOURCE_CANDIDATE,NOT_CLEARED
lex:A1:library,library,NGSL_1_2_CORE,library,1162,EXACT_HEADWORD,UNREVIEWED_SOURCE_CANDIDATE,NOT_CLEARED
lex:A1:lie,lie¹,NGSL_1_2_CORE,lie,582,EXACT_HEADWORD,UNREVIEWED_SOURCE_CANDIDATE,NOT_CLEARED
lex:A1:life,life,NGSL_1_2_CORE,life,111,EXACT_HEADWORD,UNREVIEWED_SOURCE_CANDIDATE,NOT_CLEARED
lex:A1:light-from-the-sun-a-lamp,light (from the sun/a lamp),NGSL_1_2_CORE,light,349,EXACT_HEADWORD,UNREVIEWED_SOURCE_CANDIDATE,NOT_CLEARED
lex:A1:like-similar,like (similar),NGSL_1_2_CORE,like,45,EXACT_HEADWORD,UNREVIEWED_SOURCE_CANDIDATE,NOT_CLEARED
lex:A1:like-find-sb-sth-pleasant,like (find sb/sth pleasant),NGSL_1_2_CORE,like,45,EXACT_HEADWORD,UNREVIEWED_SOURCE_CANDIDATE,NOT_CLEARED
lex:A1:line,line,NGSL_1_2_CORE,line,274,EXACT_HEADWORD,UNREVIEWED_SOURCE_CANDIDATE,NOT_CLEARED
lex:A1:lion,lion,NGSL_SFI_31K_EXTENSION,lion,3787,EXACT_HEADWORD,UNREVIEWED_SOURCE_CANDIDATE,NOT_CLEARED
lex:A1:list,list,NGSL_1_2_CORE,list,523,EXACT_HEADWORD,UNREVIEWED_SOURCE_CANDIDATE,NOT_CLEARED
lex:A1:listen,listen,NGSL_1_2_CORE,listen,573,EXACT_HEADWORD,UNREVIEWED_SOURCE_CANDIDATE,NOT_CLEARED
lex:A1:little,little,NGSL_1_2_CORE,little,132,EXACT_HEADWORD,UNREVIEWED_SOURCE_CANDIDATE,NOT_CLEARED
lex:A1:live,live¹,NGSL_1_2_CORE,live,153,EXACT_HEADWORD,UNREVIEWED_SOURCE_CANDIDATE,NOT_CLEARED
lex:A1:local,local,NGSL_1_2_CORE,local,300,EXACT_HEADWORD,UNREVIEWED_SOURCE_CANDIDATE,NOT_CLEARED
lex:A1:long,long¹,NGSL_1_2_CORE,long,115,EXACT_HEADWORD,UNREVIEWED_SOURCE_CANDIDATE,NOT_CLEARED
lex:A1:look,look,NGSL_1_2_CORE,look,75,EXACT_HEADWORD,UNREVIEWED_SOURCE_CANDIDATE,NOT_CLEARED
lex:A1:lose,lose,NGSL_1_2_CORE,lose,305,EXACT_HEADWORD,UNREVIEWED_SOURCE_CANDIDATE,NOT_CLEARED
lex:A1:lot,lot,NGSL_1_2_CORE,lot,123,EXACT_HEADWORD,UNREVIEWED_SOURCE_CANDIDATE,NOT_CLEARED
lex:A1:love,love,NGSL_1_2_CORE,love,229,EXACT_HEADWORD,UNREVIEWED_SOURCE_CANDIDATE,NOT_CLEARED
lex:A1:lunch,lunch,NGSL_1_2_CORE,lunch,1334,EXACT_HEADWORD,UNREVIEWED_SOURCE_CANDIDATE,NOT_CLEARED
lex:A1:machine,machine,NGSL_1_2_CORE,machine,745,EXACT_HEADWORD,UNREVIEWED_SOURCE_CANDIDATE,NOT_CLEARED
lex:A1:magazine,magazine,NGSL_1_2_CORE,magazine,985,EXACT_HEADWORD,UNREVIEWED_SOURCE_CANDIDATE,NOT_CLEARED
lex:A1:main,main,NGSL_1_2_CORE,main,453,EXACT_HEADWORD,UNREVIEWED_SOURCE_CANDIDATE,NOT_CLEARED
lex:A1:make,make,NGSL_1_2_CORE,make,48,EXACT_HEADWORD,UNREVIEWED_SOURCE_CANDIDATE,NOT_CLEARED
lex:A1:man,man,NGSL_1_2_CORE,man,112,EXACT_HEADWORD,UNREVIEWED_SOURCE_CANDIDATE,NOT_CLEARED
lex:A1:many,many,NGSL_1_2_CORE,many,99,EXACT_HEADWORD,UNREVIEWED_SOURCE_CANDIDATE,NOT_CLEARED
lex:A1:map,map,NGSL_1_2_CORE,map,1212,EXACT_HEADWORD,UNREVIEWED_SOURCE_CANDIDATE,NOT_CLEARED
lex:A1:march,March,NGSL_1_2_CORE,march,2453,EXACT_HEADWORD,UNREVIEWED_SOURCE_CANDIDATE,NOT_CLEARED
lex:A1:market,market,NGSL_1_2_CORE,market,219,EXACT_HEADWORD,UNREVIEWED_SOURCE_CANDIDATE,NOT_CLEARED
lex:A1:married,married,NGSL_1_2_CORE,marry,775,RELATED_LEMMA_ONLY,UNREVIEWED_SOURCE_CANDIDATE,NOT_CLEARED
lex:A1:match-contest-correspond,match (contest/correspond),NGSL_1_2_CORE,match,850,EXACT_HEADWORD,UNREVIEWED_SOURCE_CANDIDATE,NOT_CLEARED
lex:A1:may,May,NGSL_1_2_CORE,may,97,EXACT_HEADWORD,UNREVIEWED_SOURCE_CANDIDATE,NOT_CLEARED
lex:A1:maybe,maybe,NGSL_1_2_CORE,maybe,464,EXACT_HEADWORD,UNREVIEWED_SOURCE_CANDIDATE,NOT_CLEARED
lex:A1:me,me,NGSL_1_2_CORE,I,20,GRAMMATICAL_FORM,UNREVIEWED_SOURCE_CANDIDATE,NOT_CLEARED
lex:A1:meal,meal,NGSL_1_2_CORE,meal,1250,EXACT_HEADWORD,UNREVIEWED_SOURCE_CANDIDATE,NOT_CLEARED
lex:A1:mean,mean,NGSL_1_2_CORE,mean,95,EXACT_HEADWORD,UNREVIEWED_SOURCE_CANDIDATE,NOT_CLEARED
lex:A1:meaning,meaning,NGSL_1_2_CORE,mean,95,RELATED_LEMMA_ONLY,UNREVIEWED_SOURCE_CANDIDATE,NOT_CLEARED
lex:A1:meat,meat,NGSL_1_2_CORE,meat,1869,EXACT_HEADWORD,UNREVIEWED_SOURCE_CANDIDATE,NOT_CLEARED
lex:A1:meet,meet,NGSL_1_2_CORE,meet,135,EXACT_HEADWORD,UNREVIEWED_SOURCE_CANDIDATE,NOT_CLEARED
lex:A1:meeting,meeting,NGSL_1_2_CORE,meet,135,RELATED_LEMMA_ONLY,UNREVIEWED_SOURCE_CANDIDATE,NOT_CLEARED
lex:A1:member,member,NGSL_1_2_CORE,member,266,EXACT_HEADWORD,UNREVIEWED_SOURCE_CANDIDATE,NOT_CLEARED
lex:A1:menu,menu,NGSL_1_2_CORE,menu,2597,EXACT_HEADWORD,UNREVIEWED_SOURCE_CANDIDATE,NOT_CLEARED
lex:A1:message,message,NGSL_1_2_CORE,message,863,EXACT_HEADWORD,UNREVIEWED_SOURCE_CANDIDATE,NOT_CLEARED
lex:A1:metre,metre,NGSL_1_2_CORE,meter,2112,BRITISH_US_VARIANT,UNREVIEWED_SOURCE_CANDIDATE,NOT_CLEARED
lex:A1:midnight,midnight,NGSL_SFI_31K_EXTENSION,midnight,3337,EXACT_HEADWORD,UNREVIEWED_SOURCE_CANDIDATE,NOT_CLEARED
lex:A1:mile,mile,NGSL_1_2_CORE,mile,777,EXACT_HEADWORD,UNREVIEWED_SOURCE_CANDIDATE,NOT_CLEARED
lex:A1:milk,milk,NGSL_1_2_CORE,milk,1789,EXACT_HEADWORD,UNREVIEWED_SOURCE_CANDIDATE,NOT_CLEARED
lex:A1:million,million,NGSL_1_2_SUPPLEMENT,million,,EXACT_HEADWORD,UNREVIEWED_SOURCE_CANDIDATE,NOT_CLEARED
lex:A1:minute,minute¹,NGSL_1_2_CORE,minute,366,EXACT_HEADWORD,UNREVIEWED_SOURCE_CANDIDATE,NOT_CLEARED
lex:A1:miss,miss,NGSL_1_2_CORE,miss,645,EXACT_HEADWORD,UNREVIEWED_SOURCE_CANDIDATE,NOT_CLEARED
lex:A1:mistake,mistake,NGSL_1_2_CORE,mistake,1152,EXACT_HEADWORD,UNREVIEWED_SOURCE_CANDIDATE,NOT_CLEARED
lex:A1:model,model,NGSL_1_2_CORE,model,485,EXACT_HEADWORD,UNREVIEWED_SOURCE_CANDIDATE,NOT_CLEARED
lex:A1:modern,modern,NGSL_1_2_CORE,modern,808,EXACT_HEADWORD,UNREVIEWED_SOURCE_CANDIDATE,NOT_CLEARED
lex:A1:moment,moment,NGSL_1_2_CORE,moment,397,EXACT_HEADWORD,UNREVIEWED_SOURCE_CANDIDATE,NOT_CLEARED
lex:A1:monday,Monday,NGSL_1_2_SUPPLEMENT,Monday,,EXACT_HEADWORD,UNREVIEWED_SOURCE_CANDIDATE,NOT_CLEARED
lex:A1:money,money,NGSL_1_2_CORE,money,201,EXACT_HEADWORD,UNREVIEWED_SOURCE_CANDIDATE,NOT_CLEARED
lex:A1:month,month,NGSL_1_2_CORE,month,209,EXACT_HEADWORD,UNREVIEWED_SOURCE_CANDIDATE,NOT_CLEARED
lex:A1:more,more,NGSL_1_2_CORE,more,42,EXACT_HEADWORD,UNREVIEWED_SOURCE_CANDIDATE,NOT_CLEARED
lex:A1:morning,morning,NGSL_1_2_CORE,morning,434,EXACT_HEADWORD,UNREVIEWED_SOURCE_CANDIDATE,NOT_CLEARED
lex:A1:most,most,NGSL_1_2_CORE,most,88,EXACT_HEADWORD,UNREVIEWED_SOURCE_CANDIDATE,NOT_CLEARED
lex:A1:mother,mother,NGSL_1_2_CORE,mother,338,EXACT_HEADWORD,UNREVIEWED_SOURCE_CANDIDATE,NOT_CLEARED
lex:A1:mountain,mountain,NGSL_1_2_CORE,mountain,1245,EXACT_HEADWORD,UNREVIEWED_SOURCE_CANDIDATE,NOT_CLEARED
lex:A1:mouse,mouse,NGSL_1_2_CORE,mouse,1926,EXACT_HEADWORD,UNREVIEWED_SOURCE_CANDIDATE,NOT_CLEARED
lex:A1:mouth,mouth,NGSL_1_2_CORE,mouth,1439,EXACT_HEADWORD,UNREVIEWED_SOURCE_CANDIDATE,NOT_CLEARED
lex:A1:move,move,NGSL_1_2_CORE,move,200,EXACT_HEADWORD,UNREVIEWED_SOURCE_CANDIDATE,NOT_CLEARED
lex:A1:movie,movie,NGSL_1_2_CORE,movie,762,EXACT_HEADWORD,UNREVIEWED_SOURCE_CANDIDATE,NOT_CLEARED
lex:A1:much,much,NGSL_1_2_CORE,much,91,EXACT_HEADWORD,UNREVIEWED_SOURCE_CANDIDATE,NOT_CLEARED
lex:A1:mum,mum,NGSL_SFI_31K_EXTENSION,mum,2687,EXACT_HEADWORD,UNREVIEWED_SOURCE_CANDIDATE,NOT_CLEARED
lex:A1:museum,museum,NGSL_1_2_CORE,museum,1397,EXACT_HEADWORD,UNREVIEWED_SOURCE_CANDIDATE,NOT_CLEARED
lex:A1:music,music,NGSL_1_2_CORE,music,392,EXACT_HEADWORD,UNREVIEWED_SOURCE_CANDIDATE,NOT_CLEARED
lex:A1:must,must,NGSL_1_2_CORE,must,160,EXACT_HEADWORD,UNREVIEWED_SOURCE_CANDIDATE,NOT_CLEARED
lex:A1:my,my,NGSL_1_2_CORE,I,20,GRAMMATICAL_FORM,UNREVIEWED_SOURCE_CANDIDATE,NOT_CLEARED
lex:A1:name,name,NGSL_1_2_CORE,name,206,EXACT_HEADWORD,UNREVIEWED_SOURCE_CANDIDATE,NOT_CLEARED
lex:A1:natural,natural,NGSL_1_2_CORE,natural,817,EXACT_HEADWORD,UNREVIEWED_SOURCE_CANDIDATE,NOT_CLEARED
lex:A1:near,near,NGSL_1_2_CORE,near,427,EXACT_HEADWORD,UNREVIEWED_SOURCE_CANDIDATE,NOT_CLEARED
lex:A1:need,need,NGSL_1_2_CORE,need,90,EXACT_HEADWORD,UNREVIEWED_SOURCE_CANDIDATE,NOT_CLEARED
lex:A1:negative,negative,NGSL_1_2_CORE,negative,1086,EXACT_HEADWORD,UNREVIEWED_SOURCE_CANDIDATE,NOT_CLEARED
lex:A1:neighbour,neighbour,NGSL_1_2_CORE,neighbor,1222,BRITISH_US_VARIANT,UNREVIEWED_SOURCE_CANDIDATE,NOT_CLEARED
lex:A1:never,never,NGSL_1_2_CORE,never,162,EXACT_HEADWORD,UNREVIEWED_SOURCE_CANDIDATE,NOT_CLEARED
lex:A1:new,new,NGSL_1_2_CORE,new,79,EXACT_HEADWORD,UNREVIEWED_SOURCE_CANDIDATE,NOT_CLEARED
lex:A1:news,news,NGSL_1_2_CORE,news,546,EXACT_HEADWORD,UNREVIEWED_SOURCE_CANDIDATE,NOT_CLEARED
lex:A1:newspaper,newspaper,NGSL_1_2_CORE,newspaper,929,EXACT_HEADWORD,UNREVIEWED_SOURCE_CANDIDATE,NOT_CLEARED
lex:A1:next,next,NGSL_1_2_CORE,next,151,EXACT_HEADWORD,UNREVIEWED_SOURCE_CANDIDATE,NOT_CLEARED
lex:A1:next-to,next to,NGSL_1_2_CORE,next,151,PHRASE_COMPONENT_ONLY,UNREVIEWED_SOURCE_CANDIDATE,NOT_CLEARED
lex:A1:nice,nice,NGSL_1_2_CORE,nice,506,EXACT_HEADWORD,UNREVIEWED_SOURCE_CANDIDATE,NOT_CLEARED
lex:A1:night,night,NGSL_1_2_CORE,night,270,EXACT_HEADWORD,UNREVIEWED_SOURCE_CANDIDATE,NOT_CLEARED
lex:A1:nine,nine,NGSL_1_2_SUPPLEMENT,nine,,EXACT_HEADWORD,UNREVIEWED_SOURCE_CANDIDATE,NOT_CLEARED
lex:A1:nineteen,nineteen,NGSL_1_2_SUPPLEMENT,nineteen,,EXACT_HEADWORD,UNREVIEWED_SOURCE_CANDIDATE,NOT_CLEARED
lex:A1:ninety,ninety,NGSL_1_2_SUPPLEMENT,ninety,,EXACT_HEADWORD,UNREVIEWED_SOURCE_CANDIDATE,NOT_CLEARED
lex:A1:no,no,NGSL_1_2_CORE,no,60,EXACT_HEADWORD,UNREVIEWED_SOURCE_CANDIDATE,NOT_CLEARED
lex:A1:no-one,no one,NGSL_1_2_CORE,one,35,PHRASE_COMPONENT_ONLY,UNREVIEWED_SOURCE_CANDIDATE,NOT_CLEARED
lex:A1:nobody,nobody,NGSL_1_2_CORE,nobody,1103,EXACT_HEADWORD,UNREVIEWED_SOURCE_CANDIDATE,NOT_CLEARED
lex:A1:north,north,NGSL_1_2_CORE,north,1205,EXACT_HEADWORD,UNREVIEWED_SOURCE_CANDIDATE,NOT_CLEARED
lex:A1:nose,nose,NGSL_1_2_CORE,nose,2114,EXACT_HEADWORD,UNREVIEWED_SOURCE_CANDIDATE,NOT_CLEARED
lex:A1:not,not,NGSL_1_2_CORE,not,14,EXACT_HEADWORD,UNREVIEWED_SOURCE_CANDIDATE,NOT_CLEARED
lex:A1:note,note,NGSL_1_2_CORE,note,384,EXACT_HEADWORD,UNREVIEWED_SOURCE_CANDIDATE,NOT_CLEARED
lex:A1:nothing,nothing,NGSL_1_2_CORE,nothing,336,EXACT_HEADWORD,UNREVIEWED_SOURCE_CANDIDATE,NOT_CLEARED
lex:A1:november,November,NGSL_1_2_SUPPLEMENT,November,,EXACT_HEADWORD,UNREVIEWED_SOURCE_CANDIDATE,NOT_CLEARED
lex:A1:now,now,NGSL_1_2_CORE,now,70,EXACT_HEADWORD,UNREVIEWED_SOURCE_CANDIDATE,NOT_CLEARED
lex:A1:number,number,NGSL_1_2_CORE,number,127,EXACT_HEADWORD,UNREVIEWED_SOURCE_CANDIDATE,NOT_CLEARED
lex:A1:nurse,nurse,NGSL_1_2_CORE,nurse,1315,EXACT_HEADWORD,UNREVIEWED_SOURCE_CANDIDATE,NOT_CLEARED
lex:A1:object,object,NGSL_1_2_CORE,object,942,EXACT_HEADWORD,UNREVIEWED_SOURCE_CANDIDATE,NOT_CLEARED
lex:A1:o-clock,o’clock,NGSL_1_2_CORE,clock,932,PHRASE_COMPONENT_ONLY,UNREVIEWED_SOURCE_CANDIDATE,NOT_CLEARED
lex:A1:october,October,NGSL_1_2_SUPPLEMENT,October,,EXACT_HEADWORD,UNREVIEWED_SOURCE_CANDIDATE,NOT_CLEARED
lex:A1:of,of,NGSL_1_2_CORE,of,4,EXACT_HEADWORD,UNREVIEWED_SOURCE_CANDIDATE,NOT_CLEARED
lex:A1:off,off,NGSL_1_2_CORE,off,150,EXACT_HEADWORD,UNREVIEWED_SOURCE_CANDIDATE,NOT_CLEARED
lex:A1:office,office,NGSL_1_2_CORE,office,343,EXACT_HEADWORD,UNREVIEWED_SOURCE_CANDIDATE,NOT_CLEARED
lex:A1:often,often,NGSL_1_2_CORE,often,288,EXACT_HEADWORD,UNREVIEWED_SOURCE_CANDIDATE,NOT_CLEARED
lex:A1:oh,oh,NO_NGSL_SOURCE_MATCH,,,NO_SOURCE_MATCH,UNREVIEWED_SOURCE_CANDIDATE,NOT_CLEARED
lex:A1:ok,OK,NGSL_1_2_CORE,okay,925,RELATED_LEMMA_ONLY,UNREVIEWED_SOURCE_CANDIDATE,NOT_CLEARED
lex:A1:old,old,NGSL_1_2_CORE,old,144,EXACT_HEADWORD,UNREVIEWED_SOURCE_CANDIDATE,NOT_CLEARED
lex:A1:on,on,NGSL_1_2_CORE,on,17,EXACT_HEADWORD,UNREVIEWED_SOURCE_CANDIDATE,NOT_CLEARED
lex:A1:once,once,NGSL_1_2_CORE,once,265,EXACT_HEADWORD,UNREVIEWED_SOURCE_CANDIDATE,NOT_CLEARED
lex:A1:one,one,NGSL_1_2_CORE,one,35,EXACT_HEADWORD,UNREVIEWED_SOURCE_CANDIDATE,NOT_CLEARED
lex:A1:onion,onion,NGSL_SFI_31K_EXTENSION,onion,4434,EXACT_HEADWORD,UNREVIEWED_SOURCE_CANDIDATE,NOT_CLEARED
lex:A1:online,online,NGSL_1_2_CORE,online,1794,EXACT_HEADWORD,UNREVIEWED_SOURCE_CANDIDATE,NOT_CLEARED
lex:A1:only,only,NGSL_1_2_CORE,only,74,EXACT_HEADWORD,UNREVIEWED_SOURCE_CANDIDATE,NOT_CLEARED
lex:A1:open,open,NGSL_1_2_CORE,open,214,EXACT_HEADWORD,UNREVIEWED_SOURCE_CANDIDATE,NOT_CLEARED
lex:A1:opinion,opinion,NGSL_1_2_CORE,opinion,656,EXACT_HEADWORD,UNREVIEWED_SOURCE_CANDIDATE,NOT_CLEARED
lex:A1:opposite,opposite,NGSL_1_2_CORE,opposite,1373,EXACT_HEADWORD,UNREVIEWED_SOURCE_CANDIDATE,NOT_CLEARED
lex:A1:or,or,NGSL_1_2_CORE,or,29,EXACT_HEADWORD,UNREVIEWED_SOURCE_CANDIDATE,NOT_CLEARED
lex:A1:orange,orange,NGSL_1_2_CORE,orange,2499,EXACT_HEADWORD,UNREVIEWED_SOURCE_CANDIDATE,NOT_CLEARED
lex:A1:order,order,NGSL_1_2_CORE,order,215,EXACT_HEADWORD,UNREVIEWED_SOURCE_CANDIDATE,NOT_CLEARED
lex:A1:other,other,NGSL_1_2_CORE,other,54,EXACT_HEADWORD,UNREVIEWED_SOURCE_CANDIDATE,NOT_CLEARED
lex:A1:our,our,NGSL_1_2_CORE,we,16,GRAMMATICAL_FORM,UNREVIEWED_SOURCE_CANDIDATE,NOT_CLEARED
lex:A1:out,out,NGSL_1_2_CORE,out,55,EXACT_HEADWORD,UNREVIEWED_SOURCE_CANDIDATE,NOT_CLEARED
lex:A1:outside,outside,NGSL_1_2_CORE,outside,491,EXACT_HEADWORD,UNREVIEWED_SOURCE_CANDIDATE,NOT_CLEARED
lex:A1:over,over,NGSL_1_2_CORE,over,82,EXACT_HEADWORD,UNREVIEWED_SOURCE_CANDIDATE,NOT_CLEARED
lex:A1:own,own,NGSL_1_2_CORE,own,129,EXACT_HEADWORD,UNREVIEWED_SOURCE_CANDIDATE,NOT_CLEARED
lex:A1:page,page,NGSL_1_2_CORE,page,652,EXACT_HEADWORD,UNREVIEWED_SOURCE_CANDIDATE,NOT_CLEARED
lex:A1:paint,paint,NGSL_1_2_CORE,paint,672,EXACT_HEADWORD,UNREVIEWED_SOURCE_CANDIDATE,NOT_CLEARED
lex:A1:painting,painting,NGSL_1_2_CORE,paint,672,RELATED_LEMMA_ONLY,UNREVIEWED_SOURCE_CANDIDATE,NOT_CLEARED
lex:A1:pair,pair,NGSL_1_2_CORE,pair,1092,EXACT_HEADWORD,UNREVIEWED_SOURCE_CANDIDATE,NOT_CLEARED
lex:A1:paper,paper,NGSL_1_2_CORE,paper,425,EXACT_HEADWORD,UNREVIEWED_SOURCE_CANDIDATE,NOT_CLEARED
lex:A1:paragraph,paragraph,NGSL_1_2_CORE,paragraph,2618,EXACT_HEADWORD,UNREVIEWED_SOURCE_CANDIDATE,NOT_CLEARED
lex:A1:parent,parent,NGSL_1_2_CORE,parent,297,EXACT_HEADWORD,UNREVIEWED_SOURCE_CANDIDATE,NOT_CLEARED
lex:A1:park,park,NGSL_1_2_CORE,park,657,EXACT_HEADWORD,UNREVIEWED_SOURCE_CANDIDATE,NOT_CLEARED
lex:A1:part,part,NGSL_1_2_CORE,part,130,EXACT_HEADWORD,UNREVIEWED_SOURCE_CANDIDATE,NOT_CLEARED
lex:A1:partner,partner,NGSL_1_2_CORE,partner,1136,EXACT_HEADWORD,UNREVIEWED_SOURCE_CANDIDATE,NOT_CLEARED
lex:A1:party,party,NGSL_1_2_CORE,party,299,EXACT_HEADWORD,UNREVIEWED_SOURCE_CANDIDATE,NOT_CLEARED
lex:A1:passport,passport,NGSL_SFI_31K_EXTENSION,passport,4372,EXACT_HEADWORD,UNREVIEWED_SOURCE_CANDIDATE,NOT_CLEARED
lex:A1:past,past,NGSL_1_2_CORE,past,330,EXACT_HEADWORD,UNREVIEWED_SOURCE_CANDIDATE,NOT_CLEARED
lex:A1:pay,pay,NGSL_1_2_CORE,pay,220,EXACT_HEADWORD,UNREVIEWED_SOURCE_CANDIDATE,NOT_CLEARED
lex:A1:pen,pen,NGSL_1_2_CORE,pen,2320,EXACT_HEADWORD,UNREVIEWED_SOURCE_CANDIDATE,NOT_CLEARED
lex:A1:pencil,pencil,NGSL_SFI_31K_EXTENSION,pencil,2790,EXACT_HEADWORD,UNREVIEWED_SOURCE_CANDIDATE,NOT_CLEARED
lex:A1:people,people,NGSL_1_2_CORE,people,57,EXACT_HEADWORD,UNREVIEWED_SOURCE_CANDIDATE,NOT_CLEARED
lex:A1:pepper,pepper,NGSL_SFI_31K_EXTENSION,pepper,4088,EXACT_HEADWORD,UNREVIEWED_SOURCE_CANDIDATE,NOT_CLEARED
lex:A1:perfect,perfect,NGSL_1_2_CORE,perfect,1111,EXACT_HEADWORD,UNREVIEWED_SOURCE_CANDIDATE,NOT_CLEARED
lex:A1:period,period,NGSL_1_2_CORE,period,382,EXACT_HEADWORD,UNREVIEWED_SOURCE_CANDIDATE,NOT_CLEARED
lex:A1:person,person,NGSL_1_2_CORE,person,263,EXACT_HEADWORD,UNREVIEWED_SOURCE_CANDIDATE,NOT_CLEARED
lex:A1:personal,personal,NGSL_1_2_CORE,personal,585,EXACT_HEADWORD,UNREVIEWED_SOURCE_CANDIDATE,NOT_CLEARED
lex:A1:phone,phone,NGSL_1_2_CORE,phone,479,EXACT_HEADWORD,UNREVIEWED_SOURCE_CANDIDATE,NOT_CLEARED
lex:A1:photo,photo,NGSL_1_2_CORE,photo,1208,EXACT_HEADWORD,UNREVIEWED_SOURCE_CANDIDATE,NOT_CLEARED
lex:A1:photograph,photograph,NGSL_1_2_CORE,photograph,1182,EXACT_HEADWORD,UNREVIEWED_SOURCE_CANDIDATE,NOT_CLEARED
lex:A1:phrase,phrase,NGSL_1_2_CORE,phrase,1795,EXACT_HEADWORD,UNREVIEWED_SOURCE_CANDIDATE,NOT_CLEARED
lex:A1:piano,piano,NGSL_1_2_CORE,piano,2591,EXACT_HEADWORD,UNREVIEWED_SOURCE_CANDIDATE,NOT_CLEARED
lex:A1:picture,picture,NGSL_1_2_CORE,picture,509,EXACT_HEADWORD,UNREVIEWED_SOURCE_CANDIDATE,NOT_CLEARED
lex:A1:piece,piece,NGSL_1_2_CORE,piece,608,EXACT_HEADWORD,UNREVIEWED_SOURCE_CANDIDATE,NOT_CLEARED
lex:A1:pig,pig,NGSL_1_2_CORE,pig,2519,EXACT_HEADWORD,UNREVIEWED_SOURCE_CANDIDATE,NOT_CLEARED
lex:A1:pink,pink,NGSL_1_2_CORE,pink,2238,EXACT_HEADWORD,UNREVIEWED_SOURCE_CANDIDATE,NOT_CLEARED
lex:A1:place,place,NGSL_1_2_CORE,place,114,EXACT_HEADWORD,UNREVIEWED_SOURCE_CANDIDATE,NOT_CLEARED
lex:A1:plan,plan,NGSL_1_2_CORE,plan,232,EXACT_HEADWORD,UNREVIEWED_SOURCE_CANDIDATE,NOT_CLEARED
lex:A1:plane,plane,NGSL_1_2_CORE,plane,1259,EXACT_HEADWORD,UNREVIEWED_SOURCE_CANDIDATE,NOT_CLEARED
lex:A1:plant,plant,NGSL_1_2_CORE,plant,671,EXACT_HEADWORD,UNREVIEWED_SOURCE_CANDIDATE,NOT_CLEARED
lex:A1:play,play,NGSL_1_2_CORE,play,158,EXACT_HEADWORD,UNREVIEWED_SOURCE_CANDIDATE,NOT_CLEARED
lex:A1:player,player,NGSL_1_2_CORE,player,715,EXACT_HEADWORD,UNREVIEWED_SOURCE_CANDIDATE,NOT_CLEARED
lex:A1:please,please,NGSL_1_2_CORE,please,471,EXACT_HEADWORD,UNREVIEWED_SOURCE_CANDIDATE,NOT_CLEARED
lex:A1:point,point,NGSL_1_2_CORE,point,131,EXACT_HEADWORD,UNREVIEWED_SOURCE_CANDIDATE,NOT_CLEARED
lex:A1:police,police,NGSL_1_2_CORE,police,616,EXACT_HEADWORD,UNREVIEWED_SOURCE_CANDIDATE,NOT_CLEARED
lex:A1:policeman,policeman,NGSL_SFI_31K_EXTENSION,policeman,3049,EXACT_HEADWORD,UNREVIEWED_SOURCE_CANDIDATE,NOT_CLEARED
lex:A1:pool,pool,NGSL_1_2_CORE,pool,1336,EXACT_HEADWORD,UNREVIEWED_SOURCE_CANDIDATE,NOT_CLEARED
lex:A1:poor,poor,NGSL_1_2_CORE,poor,618,EXACT_HEADWORD,UNREVIEWED_SOURCE_CANDIDATE,NOT_CLEARED
lex:A1:popular,popular,NGSL_1_2_CORE,popular,790,EXACT_HEADWORD,UNREVIEWED_SOURCE_CANDIDATE,NOT_CLEARED
lex:A1:positive,positive,NGSL_1_2_CORE,positive,859,EXACT_HEADWORD,UNREVIEWED_SOURCE_CANDIDATE,NOT_CLEARED
lex:A1:possible,possible,NGSL_1_2_CORE,possible,290,EXACT_HEADWORD,UNREVIEWED_SOURCE_CANDIDATE,NOT_CLEARED
lex:A1:post,post,NGSL_1_2_CORE,post,928,EXACT_HEADWORD,UNREVIEWED_SOURCE_CANDIDATE,NOT_CLEARED
lex:A1:potato,potato,NGSL_1_2_CORE,potato,2623,EXACT_HEADWORD,UNREVIEWED_SOURCE_CANDIDATE,NOT_CLEARED
lex:A1:pound,pound,NGSL_1_2_CORE,pound,984,EXACT_HEADWORD,UNREVIEWED_SOURCE_CANDIDATE,NOT_CLEARED
lex:A1:practice,practice,NGSL_1_2_CORE,practice,484,EXACT_HEADWORD,UNREVIEWED_SOURCE_CANDIDATE,NOT_CLEARED
lex:A1:practise,practise,NGSL_1_2_CORE,practice,484,BRITISH_US_VARIANT,UNREVIEWED_SOURCE_CANDIDATE,NOT_CLEARED
lex:A1:prefer,prefer,NGSL_1_2_CORE,prefer,949,EXACT_HEADWORD,UNREVIEWED_SOURCE_CANDIDATE,NOT_CLEARED
lex:A1:prepare,prepare,NGSL_1_2_CORE,prepare,604,EXACT_HEADWORD,UNREVIEWED_SOURCE_CANDIDATE,NOT_CLEARED
lex:A1:present,present,NGSL_1_2_CORE,present,275,EXACT_HEADWORD,UNREVIEWED_SOURCE_CANDIDATE,NOT_CLEARED
lex:A1:pretty,pretty,NGSL_1_2_CORE,pretty,637,EXACT_HEADWORD,UNREVIEWED_SOURCE_CANDIDATE,NOT_CLEARED
lex:A1:price,price,NGSL_1_2_CORE,price,296,EXACT_HEADWORD,UNREVIEWED_SOURCE_CANDIDATE,NOT_CLEARED
lex:A1:probably,probably,NGSL_1_2_CORE,probably,328,EXACT_HEADWORD,UNREVIEWED_SOURCE_CANDIDATE,NOT_CLEARED
lex:A1:problem,problem,NGSL_1_2_CORE,problem,120,EXACT_HEADWORD,UNREVIEWED_SOURCE_CANDIDATE,NOT_CLEARED
lex:A1:product,product,NGSL_1_2_CORE,product,304,EXACT_HEADWORD,UNREVIEWED_SOURCE_CANDIDATE,NOT_CLEARED
lex:A1:programme,programme,NGSL_1_2_CORE,program,240,BRITISH_US_VARIANT,UNREVIEWED_SOURCE_CANDIDATE,NOT_CLEARED
lex:A1:project,project,NGSL_1_2_CORE,project,518,EXACT_HEADWORD,UNREVIEWED_SOURCE_CANDIDATE,NOT_CLEARED
lex:A1:purple,purple,NGSL_SFI_31K_EXTENSION,purple,3935,EXACT_HEADWORD,UNREVIEWED_SOURCE_CANDIDATE,NOT_CLEARED
lex:A1:put,put,NGSL_1_2_CORE,put,139,EXACT_HEADWORD,UNREVIEWED_SOURCE_CANDIDATE,NOT_CLEARED
lex:A1:quarter,quarter,NGSL_1_2_CORE,quarter,869,EXACT_HEADWORD,UNREVIEWED_SOURCE_CANDIDATE,NOT_CLEARED
lex:A1:question,question,NGSL_1_2_CORE,question,181,EXACT_HEADWORD,UNREVIEWED_SOURCE_CANDIDATE,NOT_CLEARED
lex:A1:quick,quick,NGSL_1_2_CORE,quick,1195,EXACT_HEADWORD,UNREVIEWED_SOURCE_CANDIDATE,NOT_CLEARED
lex:A1:quickly,quickly,NGSL_1_2_CORE,quickly,783,EXACT_HEADWORD,UNREVIEWED_SOURCE_CANDIDATE,NOT_CLEARED
lex:A1:quiet,quiet,NGSL_1_2_CORE,quiet,1313,EXACT_HEADWORD,UNREVIEWED_SOURCE_CANDIDATE,NOT_CLEARED
lex:A1:quite,quite,NGSL_1_2_CORE,quite,277,EXACT_HEADWORD,UNREVIEWED_SOURCE_CANDIDATE,NOT_CLEARED
lex:A1:radio,radio,NGSL_1_2_CORE,radio,1045,EXACT_HEADWORD,UNREVIEWED_SOURCE_CANDIDATE,NOT_CLEARED
lex:A1:rain,rain,NGSL_1_2_CORE,rain,1232,EXACT_HEADWORD,UNREVIEWED_SOURCE_CANDIDATE,NOT_CLEARED
lex:A1:read,read,NGSL_1_2_CORE,read,207,EXACT_HEADWORD,UNREVIEWED_SOURCE_CANDIDATE,NOT_CLEARED
lex:A1:reader,reader,NGSL_1_2_CORE,reader,1143,EXACT_HEADWORD,UNREVIEWED_SOURCE_CANDIDATE,NOT_CLEARED
lex:A1:reading,reading,NGSL_1_2_CORE,read,207,RELATED_LEMMA_ONLY,UNREVIEWED_SOURCE_CANDIDATE,NOT_CLEARED
lex:A1:ready,ready,NGSL_1_2_CORE,ready,774,EXACT_HEADWORD,UNREVIEWED_SOURCE_CANDIDATE,NOT_CLEARED
lex:A1:real,real,NGSL_1_2_CORE,real,354,EXACT_HEADWORD,UNREVIEWED_SOURCE_CANDIDATE,NOT_CLEARED
lex:A1:really,really,NGSL_1_2_CORE,really,104,EXACT_HEADWORD,UNREVIEWED_SOURCE_CANDIDATE,NOT_CLEARED
lex:A1:reason,reason,NGSL_1_2_CORE,reason,256,EXACT_HEADWORD,UNREVIEWED_SOURCE_CANDIDATE,NOT_CLEARED
lex:A1:red,red,NGSL_1_2_CORE,red,800,EXACT_HEADWORD,UNREVIEWED_SOURCE_CANDIDATE,NOT_CLEARED
lex:A1:relax,relax,NGSL_1_2_CORE,relax,1485,EXACT_HEADWORD,UNREVIEWED_SOURCE_CANDIDATE,NOT_CLEARED
lex:A1:remember,remember,NGSL_1_2_CORE,remember,351,EXACT_HEADWORD,UNREVIEWED_SOURCE_CANDIDATE,NOT_CLEARED
lex:A1:repeat,repeat,NGSL_1_2_CORE,repeat,1253,EXACT_HEADWORD,UNREVIEWED_SOURCE_CANDIDATE,NOT_CLEARED
lex:A1:report,report,NGSL_1_2_CORE,report,166,EXACT_HEADWORD,UNREVIEWED_SOURCE_CANDIDATE,NOT_CLEARED
lex:A1:restaurant,restaurant,NGSL_1_2_CORE,restaurant,919,EXACT_HEADWORD,UNREVIEWED_SOURCE_CANDIDATE,NOT_CLEARED
lex:A1:result,result,NGSL_1_2_CORE,result,233,EXACT_HEADWORD,UNREVIEWED_SOURCE_CANDIDATE,NOT_CLEARED
lex:A1:return,return,NGSL_1_2_CORE,return,337,EXACT_HEADWORD,UNREVIEWED_SOURCE_CANDIDATE,NOT_CLEARED
lex:A1:rice,rice,NGSL_1_2_CORE,rice,2695,EXACT_HEADWORD,UNREVIEWED_SOURCE_CANDIDATE,NOT_CLEARED
lex:A1:rich,rich,NGSL_1_2_CORE,rich,1012,EXACT_HEADWORD,UNREVIEWED_SOURCE_CANDIDATE,NOT_CLEARED
lex:A1:ride,ride,NGSL_1_2_CORE,ride,1050,EXACT_HEADWORD,UNREVIEWED_SOURCE_CANDIDATE,NOT_CLEARED
lex:A1:right,right,NGSL_1_2_CORE,right,92,EXACT_HEADWORD,UNREVIEWED_SOURCE_CANDIDATE,NOT_CLEARED
lex:A1:river,river,NGSL_1_2_CORE,river,1176,EXACT_HEADWORD,UNREVIEWED_SOURCE_CANDIDATE,NOT_CLEARED
lex:A1:road,road,NGSL_1_2_CORE,road,521,EXACT_HEADWORD,UNREVIEWED_SOURCE_CANDIDATE,NOT_CLEARED
lex:A1:room,room,NGSL_1_2_CORE,room,254,EXACT_HEADWORD,UNREVIEWED_SOURCE_CANDIDATE,NOT_CLEARED
lex:A1:routine,routine,NGSL_1_2_CORE,routine,2104,EXACT_HEADWORD,UNREVIEWED_SOURCE_CANDIDATE,NOT_CLEARED
lex:A1:rule,rule,NGSL_1_2_CORE,rule,415,EXACT_HEADWORD,UNREVIEWED_SOURCE_CANDIDATE,NOT_CLEARED
lex:A1:run,run,NGSL_1_2_CORE,run,192,EXACT_HEADWORD,UNREVIEWED_SOURCE_CANDIDATE,NOT_CLEARED
lex:A1:sad,sad,NGSL_1_2_CORE,sad,1710,EXACT_HEADWORD,UNREVIEWED_SOURCE_CANDIDATE,NOT_CLEARED
lex:A1:salad,salad,NGSL_SFI_31K_EXTENSION,salad,3392,EXACT_HEADWORD,UNREVIEWED_SOURCE_CANDIDATE,NOT_CLEARED
lex:A1:salt,salt,NGSL_1_2_CORE,salt,2459,EXACT_HEADWORD,UNREVIEWED_SOURCE_CANDIDATE,NOT_CLEARED
lex:A1:same,same,NGSL_1_2_CORE,same,122,EXACT_HEADWORD,UNREVIEWED_SOURCE_CANDIDATE,NOT_CLEARED
lex:A1:sandwich,sandwich,NGSL_SFI_31K_EXTENSION,sandwich,3051,EXACT_HEADWORD,UNREVIEWED_SOURCE_CANDIDATE,NOT_CLEARED
lex:A1:saturday,Saturday,NGSL_1_2_SUPPLEMENT,Saturday,,EXACT_HEADWORD,UNREVIEWED_SOURCE_CANDIDATE,NOT_CLEARED
lex:A1:say,say,NGSL_1_2_CORE,say,30,EXACT_HEADWORD,UNREVIEWED_SOURCE_CANDIDATE,NOT_CLEARED
lex:A1:school,school,NGSL_1_2_CORE,school,146,EXACT_HEADWORD,UNREVIEWED_SOURCE_CANDIDATE,NOT_CLEARED
lex:A1:science,science,NGSL_1_2_CORE,science,905,EXACT_HEADWORD,UNREVIEWED_SOURCE_CANDIDATE,NOT_CLEARED
lex:A1:scientist,scientist,NGSL_1_2_CORE,scientist,1409,EXACT_HEADWORD,UNREVIEWED_SOURCE_CANDIDATE,NOT_CLEARED
lex:A1:sea,sea,NGSL_1_2_CORE,sea,987,EXACT_HEADWORD,UNREVIEWED_SOURCE_CANDIDATE,NOT_CLEARED
lex:A1:second-next-after-the-first,second¹ (next after the first),NGSL_1_2_CORE,second,226,EXACT_HEADWORD,UNREVIEWED_SOURCE_CANDIDATE,NOT_CLEARED
lex:A1:second-unit-of-time,second¹ (unit of time),NGSL_1_2_CORE,second,226,EXACT_HEADWORD,UNREVIEWED_SOURCE_CANDIDATE,NOT_CLEARED
lex:A1:section,section,NGSL_1_2_CORE,section,668,EXACT_HEADWORD,UNREVIEWED_SOURCE_CANDIDATE,NOT_CLEARED
lex:A1:see,see,NGSL_1_2_CORE,see,50,EXACT_HEADWORD,UNREVIEWED_SOURCE_CANDIDATE,NOT_CLEARED
lex:A1:sell,sell,NGSL_1_2_CORE,sell,418,EXACT_HEADWORD,UNREVIEWED_SOURCE_CANDIDATE,NOT_CLEARED
lex:A1:send,send,NGSL_1_2_CORE,send,323,EXACT_HEADWORD,UNREVIEWED_SOURCE_CANDIDATE,NOT_CLEARED
lex:A1:sentence,sentence,NGSL_1_2_CORE,sentence,1099,EXACT_HEADWORD,UNREVIEWED_SOURCE_CANDIDATE,NOT_CLEARED
lex:A1:september,September,NGSL_1_2_SUPPLEMENT,September,,EXACT_HEADWORD,UNREVIEWED_SOURCE_CANDIDATE,NOT_CLEARED
lex:A1:seven,seven,NGSL_1_2_SUPPLEMENT,seven,,EXACT_HEADWORD,UNREVIEWED_SOURCE_CANDIDATE,NOT_CLEARED
lex:A1:seventeen,seventeen,NGSL_1_2_SUPPLEMENT,seventeen,,EXACT_HEADWORD,UNREVIEWED_SOURCE_CANDIDATE,NOT_CLEARED
lex:A1:seventy,seventy,NGSL_1_2_SUPPLEMENT,seventy,,EXACT_HEADWORD,UNREVIEWED_SOURCE_CANDIDATE,NOT_CLEARED
lex:A1:share,share,NGSL_1_2_CORE,share,353,EXACT_HEADWORD,UNREVIEWED_SOURCE_CANDIDATE,NOT_CLEARED
lex:A1:she,she,NGSL_1_2_CORE,she,24,EXACT_HEADWORD,UNREVIEWED_SOURCE_CANDIDATE,NOT_CLEARED
lex:A1:sheep,sheep,NGSL_1_2_CORE,sheep,2710,EXACT_HEADWORD,UNREVIEWED_SOURCE_CANDIDATE,NOT_CLEARED
lex:A1:shirt,shirt,NGSL_1_2_CORE,shirt,1907,EXACT_HEADWORD,UNREVIEWED_SOURCE_CANDIDATE,NOT_CLEARED
lex:A1:shoe,shoe,NGSL_1_2_CORE,shoe,1476,EXACT_HEADWORD,UNREVIEWED_SOURCE_CANDIDATE,NOT_CLEARED
lex:A1:shop,shop,NGSL_1_2_CORE,shop,437,EXACT_HEADWORD,UNREVIEWED_SOURCE_CANDIDATE,NOT_CLEARED
lex:A1:shopping,shopping,NGSL_1_2_CORE,shop,437,RELATED_LEMMA_ONLY,UNREVIEWED_SOURCE_CANDIDATE,NOT_CLEARED
lex:A1:short,short,NGSL_1_2_CORE,short,419,EXACT_HEADWORD,UNREVIEWED_SOURCE_CANDIDATE,NOT_CLEARED
lex:A1:should,should,NGSL_1_2_CORE,should,89,EXACT_HEADWORD,UNREVIEWED_SOURCE_CANDIDATE,NOT_CLEARED
lex:A1:show,show,NGSL_1_2_CORE,show,110,EXACT_HEADWORD,UNREVIEWED_SOURCE_CANDIDATE,NOT_CLEARED
lex:A1:shower,shower,NGSL_1_2_CORE,shower,2352,EXACT_HEADWORD,UNREVIEWED_SOURCE_CANDIDATE,NOT_CLEARED
lex:A1:sick,sick,NGSL_1_2_CORE,sick,1716,EXACT_HEADWORD,UNREVIEWED_SOURCE_CANDIDATE,NOT_CLEARED
lex:A1:similar,similar,NGSL_1_2_CORE,similar,594,EXACT_HEADWORD,UNREVIEWED_SOURCE_CANDIDATE,NOT_CLEARED
lex:A1:sing,sing,NGSL_1_2_CORE,sing,873,EXACT_HEADWORD,UNREVIEWED_SOURCE_CANDIDATE,NOT_CLEARED
lex:A1:singer,singer,NGSL_1_2_CORE,singer,2182,EXACT_HEADWORD,UNREVIEWED_SOURCE_CANDIDATE,NOT_CLEARED
lex:A1:sister,sister,NGSL_1_2_CORE,sister,964,EXACT_HEADWORD,UNREVIEWED_SOURCE_CANDIDATE,NOT_CLEARED
lex:A1:sit,sit,NGSL_1_2_CORE,sit,356,EXACT_HEADWORD,UNREVIEWED_SOURCE_CANDIDATE,NOT_CLEARED
lex:A1:situation,situation,NGSL_1_2_CORE,situation,430,EXACT_HEADWORD,UNREVIEWED_SOURCE_CANDIDATE,NOT_CLEARED
lex:A1:six,six,NGSL_1_2_SUPPLEMENT,six,,EXACT_HEADWORD,UNREVIEWED_SOURCE_CANDIDATE,NOT_CLEARED
lex:A1:sixteen,sixteen,NGSL_1_2_SUPPLEMENT,sixteen,,EXACT_HEADWORD,UNREVIEWED_SOURCE_CANDIDATE,NOT_CLEARED
lex:A1:sixty,sixty,NGSL_1_2_SUPPLEMENT,sixty,,EXACT_HEADWORD,UNREVIEWED_SOURCE_CANDIDATE,NOT_CLEARED
lex:A1:skill,skill,NGSL_1_2_CORE,skill,685,EXACT_HEADWORD,UNREVIEWED_SOURCE_CANDIDATE,NOT_CLEARED
lex:A1:skirt,skirt,NGSL_1_2_CORE,skirt,2451,EXACT_HEADWORD,UNREVIEWED_SOURCE_CANDIDATE,NOT_CLEARED
lex:A1:sleep,sleep,NGSL_1_2_CORE,sleep,827,EXACT_HEADWORD,UNREVIEWED_SOURCE_CANDIDATE,NOT_CLEARED
lex:A1:slow,slow,NGSL_1_2_CORE,slow,1118,EXACT_HEADWORD,UNREVIEWED_SOURCE_CANDIDATE,NOT_CLEARED
lex:A1:small,small,NGSL_1_2_CORE,small,186,EXACT_HEADWORD,UNREVIEWED_SOURCE_CANDIDATE,NOT_CLEARED
lex:A1:snake,snake,NGSL_SFI_31K_EXTENSION,snake,4040,EXACT_HEADWORD,UNREVIEWED_SOURCE_CANDIDATE,NOT_CLEARED
lex:A1:snow,snow,NGSL_1_2_CORE,snow,1950,EXACT_HEADWORD,UNREVIEWED_SOURCE_CANDIDATE,NOT_CLEARED
lex:A1:so,so,NGSL_1_2_CORE,so,32,EXACT_HEADWORD,UNREVIEWED_SOURCE_CANDIDATE,NOT_CLEARED
lex:A1:some,some,NGSL_1_2_CORE,some,53,EXACT_HEADWORD,UNREVIEWED_SOURCE_CANDIDATE,NOT_CLEARED
lex:A1:somebody,somebody,NGSL_1_2_CORE,somebody,983,EXACT_HEADWORD,UNREVIEWED_SOURCE_CANDIDATE,NOT_CLEARED
lex:A1:someone,someone,NGSL_1_2_CORE,someone,439,EXACT_HEADWORD,UNREVIEWED_SOURCE_CANDIDATE,NOT_CLEARED
lex:A1:something,something,NGSL_1_2_CORE,something,138,EXACT_HEADWORD,UNREVIEWED_SOURCE_CANDIDATE,NOT_CLEARED
lex:A1:sometimes,sometimes,NGSL_1_2_CORE,sometimes,444,EXACT_HEADWORD,UNREVIEWED_SOURCE_CANDIDATE,NOT_CLEARED
lex:A1:son,son,NGSL_1_2_CORE,son,687,EXACT_HEADWORD,UNREVIEWED_SOURCE_CANDIDATE,NOT_CLEARED
lex:A1:song,song,NGSL_1_2_CORE,song,941,EXACT_HEADWORD,UNREVIEWED_SOURCE_CANDIDATE,NOT_CLEARED
lex:A1:soon,soon,NGSL_1_2_CORE,soon,325,EXACT_HEADWORD,UNREVIEWED_SOURCE_CANDIDATE,NOT_CLEARED
lex:A1:sorry,sorry,NGSL_1_2_CORE,sorry,765,EXACT_HEADWORD,UNREVIEWED_SOURCE_CANDIDATE,NOT_CLEARED
lex:A1:sound,sound,NGSL_1_2_CORE,sound,390,EXACT_HEADWORD,UNREVIEWED_SOURCE_CANDIDATE,NOT_CLEARED
lex:A1:soup,soup,NGSL_SFI_31K_EXTENSION,soup,3723,EXACT_HEADWORD,UNREVIEWED_SOURCE_CANDIDATE,NOT_CLEARED
lex:A1:south,south,NGSL_1_2_CORE,south,1159,EXACT_HEADWORD,UNREVIEWED_SOURCE_CANDIDATE,NOT_CLEARED
lex:A1:space,space,NGSL_1_2_CORE,space,552,EXACT_HEADWORD,UNREVIEWED_SOURCE_CANDIDATE,NOT_CLEARED
lex:A1:speak,speak,NGSL_1_2_CORE,speak,284,EXACT_HEADWORD,UNREVIEWED_SOURCE_CANDIDATE,NOT_CLEARED
lex:A1:special,special,NGSL_1_2_CORE,special,443,EXACT_HEADWORD,UNREVIEWED_SOURCE_CANDIDATE,NOT_CLEARED
lex:A1:spell,spell,NGSL_1_2_CORE,spell,1972,EXACT_HEADWORD,UNREVIEWED_SOURCE_CANDIDATE,NOT_CLEARED
lex:A1:spelling,spelling,NGSL_1_2_CORE,spell,1972,RELATED_LEMMA_ONLY,UNREVIEWED_SOURCE_CANDIDATE,NOT_CLEARED
lex:A1:spend,spend,NGSL_1_2_CORE,spend,258,EXACT_HEADWORD,UNREVIEWED_SOURCE_CANDIDATE,NOT_CLEARED
lex:A1:sport,sport,NGSL_1_2_CORE,sport,603,EXACT_HEADWORD,UNREVIEWED_SOURCE_CANDIDATE,NOT_CLEARED
lex:A1:spring,spring,NGSL_1_2_CORE,spring,1332,EXACT_HEADWORD,UNREVIEWED_SOURCE_CANDIDATE,NOT_CLEARED
lex:A1:stand,stand,NGSL_1_2_CORE,stand,309,EXACT_HEADWORD,UNREVIEWED_SOURCE_CANDIDATE,NOT_CLEARED
lex:A1:star,star,NGSL_1_2_CORE,star,846,EXACT_HEADWORD,UNREVIEWED_SOURCE_CANDIDATE,NOT_CLEARED
lex:A1:start,start,NGSL_1_2_CORE,start,136,EXACT_HEADWORD,UNREVIEWED_SOURCE_CANDIDATE,NOT_CLEARED
lex:A1:statement,statement,NGSL_1_2_CORE,statement,769,EXACT_HEADWORD,UNREVIEWED_SOURCE_CANDIDATE,NOT_CLEARED
lex:A1:station,station,NGSL_1_2_CORE,station,709,EXACT_HEADWORD,UNREVIEWED_SOURCE_CANDIDATE,NOT_CLEARED
lex:A1:stay,stay,NGSL_1_2_CORE,stay,345,EXACT_HEADWORD,UNREVIEWED_SOURCE_CANDIDATE,NOT_CLEARED
lex:A1:still,still,NGSL_1_2_CORE,still,119,EXACT_HEADWORD,UNREVIEWED_SOURCE_CANDIDATE,NOT_CLEARED
lex:A1:stop,stop,NGSL_1_2_CORE,stop,347,EXACT_HEADWORD,UNREVIEWED_SOURCE_CANDIDATE,NOT_CLEARED
lex:A1:story,story,NGSL_1_2_CORE,story,306,EXACT_HEADWORD,UNREVIEWED_SOURCE_CANDIDATE,NOT_CLEARED
lex:A1:street,street,NGSL_1_2_CORE,street,598,EXACT_HEADWORD,UNREVIEWED_SOURCE_CANDIDATE,NOT_CLEARED
lex:A1:strong,strong,NGSL_1_2_CORE,strong,461,EXACT_HEADWORD,UNREVIEWED_SOURCE_CANDIDATE,NOT_CLEARED
lex:A1:student,student,NGSL_1_2_CORE,student,248,EXACT_HEADWORD,UNREVIEWED_SOURCE_CANDIDATE,NOT_CLEARED
lex:A1:study,study,NGSL_1_2_CORE,study,187,EXACT_HEADWORD,UNREVIEWED_SOURCE_CANDIDATE,NOT_CLEARED
lex:A1:style,style,NGSL_1_2_CORE,style,865,EXACT_HEADWORD,UNREVIEWED_SOURCE_CANDIDATE,NOT_CLEARED
lex:A1:subject,subject,NGSL_1_2_CORE,subject,361,EXACT_HEADWORD,UNREVIEWED_SOURCE_CANDIDATE,NOT_CLEARED
lex:A1:success,success,NGSL_1_2_CORE,success,725,EXACT_HEADWORD,UNREVIEWED_SOURCE_CANDIDATE,NOT_CLEARED
lex:A1:sugar,sugar,NGSL_1_2_CORE,sugar,2234,EXACT_HEADWORD,UNREVIEWED_SOURCE_CANDIDATE,NOT_CLEARED
lex:A1:summer,summer,NGSL_1_2_CORE,summer,654,EXACT_HEADWORD,UNREVIEWED_SOURCE_CANDIDATE,NOT_CLEARED
lex:A1:sun,sun,NGSL_1_2_CORE,sun,1361,EXACT_HEADWORD,UNREVIEWED_SOURCE_CANDIDATE,NOT_CLEARED
lex:A1:sunday,Sunday,NGSL_1_2_SUPPLEMENT,Sunday,,EXACT_HEADWORD,UNREVIEWED_SOURCE_CANDIDATE,NOT_CLEARED
lex:A1:supermarket,supermarket,NGSL_SFI_31K_EXTENSION,supermarket,2778,EXACT_HEADWORD,UNREVIEWED_SOURCE_CANDIDATE,NOT_CLEARED
lex:A1:sure,sure,NGSL_1_2_CORE,sure,279,EXACT_HEADWORD,UNREVIEWED_SOURCE_CANDIDATE,NOT_CLEARED
lex:A1:sweater,sweater,NGSL_SFI_31K_EXTENSION,sweater,4518,EXACT_HEADWORD,UNREVIEWED_SOURCE_CANDIDATE,NOT_CLEARED
lex:A1:swim,swim,NGSL_1_2_CORE,swim,1391,EXACT_HEADWORD,UNREVIEWED_SOURCE_CANDIDATE,NOT_CLEARED
lex:A1:swimming,swimming,NGSL_1_2_CORE,swim,1391,RELATED_LEMMA_ONLY,UNREVIEWED_SOURCE_CANDIDATE,NOT_CLEARED
lex:A1:table,table,NGSL_1_2_CORE,table,450,EXACT_HEADWORD,UNREVIEWED_SOURCE_CANDIDATE,NOT_CLEARED
lex:A1:take,take,NGSL_1_2_CORE,take,59,EXACT_HEADWORD,UNREVIEWED_SOURCE_CANDIDATE,NOT_CLEARED
lex:A1:talk,talk,NGSL_1_2_CORE,talk,137,EXACT_HEADWORD,UNREVIEWED_SOURCE_CANDIDATE,NOT_CLEARED
lex:A1:tall,tall,NGSL_1_2_CORE,tall,1785,EXACT_HEADWORD,UNREVIEWED_SOURCE_CANDIDATE,NOT_CLEARED
lex:A1:taxi,taxi,NGSL_1_2_CORE,taxi,1148,EXACT_HEADWORD,UNREVIEWED_SOURCE_CANDIDATE,NOT_CLEARED
lex:A1:tea,tea,NGSL_1_2_CORE,tea,1599,EXACT_HEADWORD,UNREVIEWED_SOURCE_CANDIDATE,NOT_CLEARED
lex:A1:teach,teach,NGSL_1_2_CORE,teach,539,EXACT_HEADWORD,UNREVIEWED_SOURCE_CANDIDATE,NOT_CLEARED
lex:A1:teacher,teacher,NGSL_1_2_CORE,teacher,496,EXACT_HEADWORD,UNREVIEWED_SOURCE_CANDIDATE,NOT_CLEARED
lex:A1:team,team,NGSL_1_2_CORE,team,407,EXACT_HEADWORD,UNREVIEWED_SOURCE_CANDIDATE,NOT_CLEARED
lex:A1:teenager,teenager,NGSL_1_2_CORE,teenager,2346,EXACT_HEADWORD,UNREVIEWED_SOURCE_CANDIDATE,NOT_CLEARED
lex:A1:telephone,telephone,NGSL_1_2_CORE,telephone,1036,EXACT_HEADWORD,UNREVIEWED_SOURCE_CANDIDATE,NOT_CLEARED
lex:A1:television,television,NGSL_1_2_CORE,television,795,EXACT_HEADWORD,UNREVIEWED_SOURCE_CANDIDATE,NOT_CLEARED
lex:A1:tell,tell,NGSL_1_2_CORE,tell,103,EXACT_HEADWORD,UNREVIEWED_SOURCE_CANDIDATE,NOT_CLEARED
lex:A1:ten,ten,NGSL_1_2_SUPPLEMENT,ten,,EXACT_HEADWORD,UNREVIEWED_SOURCE_CANDIDATE,NOT_CLEARED
lex:A1:tennis,tennis,NGSL_1_2_CORE,tennis,1917,EXACT_HEADWORD,UNREVIEWED_SOURCE_CANDIDATE,NOT_CLEARED
lex:A1:terrible,terrible,NGSL_1_2_CORE,terrible,1644,EXACT_HEADWORD,UNREVIEWED_SOURCE_CANDIDATE,NOT_CLEARED
lex:A1:test,test,NGSL_1_2_CORE,test,332,EXACT_HEADWORD,UNREVIEWED_SOURCE_CANDIDATE,NOT_CLEARED
lex:A1:text,text,NGSL_1_2_CORE,text,1048,EXACT_HEADWORD,UNREVIEWED_SOURCE_CANDIDATE,NOT_CLEARED
lex:A1:than,than,NGSL_1_2_CORE,than,69,EXACT_HEADWORD,UNREVIEWED_SOURCE_CANDIDATE,NOT_CLEARED
lex:A1:thank,thank,NGSL_1_2_CORE,thank,244,EXACT_HEADWORD,UNREVIEWED_SOURCE_CANDIDATE,NOT_CLEARED
lex:A1:thanks,thanks,NGSL_1_2_CORE,thank,244,RELATED_LEMMA_ONLY,UNREVIEWED_SOURCE_CANDIDATE,NOT_CLEARED
lex:A1:that,that,NGSL_1_2_CORE,that,15,EXACT_HEADWORD,UNREVIEWED_SOURCE_CANDIDATE,NOT_CLEARED
lex:A1:the,the,NGSL_1_2_CORE,the,1,EXACT_HEADWORD,UNREVIEWED_SOURCE_CANDIDATE,NOT_CLEARED
lex:A1:theatre,theatre,NGSL_1_2_CORE,theater,1393,BRITISH_US_VARIANT,UNREVIEWED_SOURCE_CANDIDATE,NOT_CLEARED
lex:A1:their,their,NGSL_1_2_CORE,they,13,GRAMMATICAL_FORM,UNREVIEWED_SOURCE_CANDIDATE,NOT_CLEARED
lex:A1:them,them,NGSL_1_2_CORE,they,13,GRAMMATICAL_FORM,UNREVIEWED_SOURCE_CANDIDATE,NOT_CLEARED
lex:A1:then,then,NGSL_1_2_CORE,then,71,EXACT_HEADWORD,UNREVIEWED_SOURCE_CANDIDATE,NOT_CLEARED
lex:A1:there,there,NGSL_1_2_CORE,there,40,EXACT_HEADWORD,UNREVIEWED_SOURCE_CANDIDATE,NOT_CLEARED
lex:A1:they,they,NGSL_1_2_CORE,they,13,EXACT_HEADWORD,UNREVIEWED_SOURCE_CANDIDATE,NOT_CLEARED
lex:A1:thing,thing,NGSL_1_2_CORE,thing,87,EXACT_HEADWORD,UNREVIEWED_SOURCE_CANDIDATE,NOT_CLEARED
lex:A1:think,think,NGSL_1_2_CORE,think,47,EXACT_HEADWORD,UNREVIEWED_SOURCE_CANDIDATE,NOT_CLEARED
lex:A1:third,third,NGSL_1_2_SUPPLEMENT,three,,GRAMMATICAL_FORM,UNREVIEWED_SOURCE_CANDIDATE,NOT_CLEARED
lex:A1:thirsty,thirsty,NGSL_SFI_31K_EXTENSION,thirsty,9161,EXACT_HEADWORD,UNREVIEWED_SOURCE_CANDIDATE,NOT_CLEARED
lex:A1:thirteen,thirteen,NGSL_1_2_SUPPLEMENT,thirteen,,EXACT_HEADWORD,UNREVIEWED_SOURCE_CANDIDATE,NOT_CLEARED
lex:A1:thirty,thirty,NGSL_1_2_SUPPLEMENT,thirty,,EXACT_HEADWORD,UNREVIEWED_SOURCE_CANDIDATE,NOT_CLEARED
lex:A1:this,this,NGSL_1_2_CORE,this,19,EXACT_HEADWORD,UNREVIEWED_SOURCE_CANDIDATE,NOT_CLEARED
lex:A1:thousand,thousand,NGSL_1_2_SUPPLEMENT,thousand,,EXACT_HEADWORD,UNREVIEWED_SOURCE_CANDIDATE,NOT_CLEARED
lex:A1:three,three,NGSL_1_2_SUPPLEMENT,three,,EXACT_HEADWORD,UNREVIEWED_SOURCE_CANDIDATE,NOT_CLEARED
lex:A1:through,through,NGSL_1_2_CORE,through,108,EXACT_HEADWORD,UNREVIEWED_SOURCE_CANDIDATE,NOT_CLEARED
lex:A1:thursday,Thursday,NGSL_1_2_SUPPLEMENT,Thursday,,EXACT_HEADWORD,UNREVIEWED_SOURCE_CANDIDATE,NOT_CLEARED
lex:A1:ticket,ticket,NGSL_1_2_CORE,ticket,1249,EXACT_HEADWORD,UNREVIEWED_SOURCE_CANDIDATE,NOT_CLEARED
lex:A1:time,time,NGSL_1_2_CORE,time,49,EXACT_HEADWORD,UNREVIEWED_SOURCE_CANDIDATE,NOT_CLEARED
lex:A1:tired,tired,NGSL_1_2_CORE,tire,1331,RELATED_LEMMA_ONLY,UNREVIEWED_SOURCE_CANDIDATE,NOT_CLEARED
lex:A1:title,title,NGSL_1_2_CORE,title,1057,EXACT_HEADWORD,UNREVIEWED_SOURCE_CANDIDATE,NOT_CLEARED
lex:A1:to,to,NGSL_1_2_CORE,to,5,EXACT_HEADWORD,UNREVIEWED_SOURCE_CANDIDATE,NOT_CLEARED
lex:A1:today,today,NGSL_1_2_CORE,today,246,EXACT_HEADWORD,UNREVIEWED_SOURCE_CANDIDATE,NOT_CLEARED
lex:A1:together,together,NGSL_1_2_CORE,together,294,EXACT_HEADWORD,UNREVIEWED_SOURCE_CANDIDATE,NOT_CLEARED
lex:A1:toilet,toilet,NGSL_SFI_31K_EXTENSION,toilet,2972,EXACT_HEADWORD,UNREVIEWED_SOURCE_CANDIDATE,NOT_CLEARED
lex:A1:tomato,tomato,NGSL_SFI_31K_EXTENSION,tomato,3486,EXACT_HEADWORD,UNREVIEWED_SOURCE_CANDIDATE,NOT_CLEARED
lex:A1:tomorrow,tomorrow,NGSL_1_2_CORE,tomorrow,726,EXACT_HEADWORD,UNREVIEWED_SOURCE_CANDIDATE,NOT_CLEARED
lex:A1:tonight,tonight,NGSL_1_2_CORE,tonight,1414,EXACT_HEADWORD,UNREVIEWED_SOURCE_CANDIDATE,NOT_CLEARED
lex:A1:too,too,NGSL_1_2_CORE,too,118,EXACT_HEADWORD,UNREVIEWED_SOURCE_CANDIDATE,NOT_CLEARED
lex:A1:tooth,tooth,NGSL_1_2_CORE,tooth,2026,EXACT_HEADWORD,UNREVIEWED_SOURCE_CANDIDATE,NOT_CLEARED
lex:A1:topic,topic,NGSL_1_2_CORE,topic,1296,EXACT_HEADWORD,UNREVIEWED_SOURCE_CANDIDATE,NOT_CLEARED
lex:A1:tourist,tourist,NGSL_1_2_CORE,tourist,1486,EXACT_HEADWORD,UNREVIEWED_SOURCE_CANDIDATE,NOT_CLEARED
lex:A1:town,town,NGSL_1_2_CORE,town,364,EXACT_HEADWORD,UNREVIEWED_SOURCE_CANDIDATE,NOT_CLEARED
lex:A1:traffic,traffic,NGSL_1_2_CORE,traffic,1225,EXACT_HEADWORD,UNREVIEWED_SOURCE_CANDIDATE,NOT_CLEARED
lex:A1:train,train,NGSL_1_2_CORE,train,289,EXACT_HEADWORD,UNREVIEWED_SOURCE_CANDIDATE,NOT_CLEARED
lex:A1:travel,travel,NGSL_1_2_CORE,travel,503,EXACT_HEADWORD,UNREVIEWED_SOURCE_CANDIDATE,NOT_CLEARED
lex:A1:tree,tree,NGSL_1_2_CORE,tree,738,EXACT_HEADWORD,UNREVIEWED_SOURCE_CANDIDATE,NOT_CLEARED
lex:A1:trip,trip,NGSL_1_2_CORE,trip,825,EXACT_HEADWORD,UNREVIEWED_SOURCE_CANDIDATE,NOT_CLEARED
lex:A1:trousers,trousers,NGSL_SFI_31K_EXTENSION,trousers,2816,EXACT_HEADWORD,UNREVIEWED_SOURCE_CANDIDATE,NOT_CLEARED
lex:A1:true,true,NGSL_1_2_CORE,TRUE,478,EXACT_HEADWORD,UNREVIEWED_SOURCE_CANDIDATE,NOT_CLEARED
lex:A1:try,try,NGSL_1_2_CORE,try,125,EXACT_HEADWORD,UNREVIEWED_SOURCE_CANDIDATE,NOT_CLEARED
lex:A1:t-shirt,T-shirt,NGSL_1_2_CORE,shirt,1907,PHRASE_COMPONENT_ONLY,UNREVIEWED_SOURCE_CANDIDATE,NOT_CLEARED
lex:A1:tuesday,Tuesday,NGSL_1_2_SUPPLEMENT,Tuesday,,EXACT_HEADWORD,UNREVIEWED_SOURCE_CANDIDATE,NOT_CLEARED
lex:A1:turn,turn,NGSL_1_2_CORE,turn,194,EXACT_HEADWORD,UNREVIEWED_SOURCE_CANDIDATE,NOT_CLEARED
lex:A1:tv,TV,NGSL_SFI_31K_EXTENSION,tv,6548,EXACT_HEADWORD,UNREVIEWED_SOURCE_CANDIDATE,NOT_CLEARED
lex:A1:twelve,twelve,NGSL_1_2_SUPPLEMENT,twelve,,EXACT_HEADWORD,UNREVIEWED_SOURCE_CANDIDATE,NOT_CLEARED
lex:A1:twenty,twenty,NGSL_1_2_SUPPLEMENT,twenty,,EXACT_HEADWORD,UNREVIEWED_SOURCE_CANDIDATE,NOT_CLEARED
lex:A1:twice,twice,NGSL_1_2_CORE,twice,1308,EXACT_HEADWORD,UNREVIEWED_SOURCE_CANDIDATE,NOT_CLEARED
lex:A1:two,two,NGSL_1_2_SUPPLEMENT,two,,EXACT_HEADWORD,UNREVIEWED_SOURCE_CANDIDATE,NOT_CLEARED
lex:A1:type,type,NGSL_1_2_CORE,type,389,EXACT_HEADWORD,UNREVIEWED_SOURCE_CANDIDATE,NOT_CLEARED
lex:A1:umbrella,umbrella,NGSL_SFI_31K_EXTENSION,umbrella,4718,EXACT_HEADWORD,UNREVIEWED_SOURCE_CANDIDATE,NOT_CLEARED
lex:A1:uncle,uncle,NGSL_1_2_CORE,uncle,2694,EXACT_HEADWORD,UNREVIEWED_SOURCE_CANDIDATE,NOT_CLEARED
lex:A1:under,under,NGSL_1_2_CORE,under,193,EXACT_HEADWORD,UNREVIEWED_SOURCE_CANDIDATE,NOT_CLEARED
lex:A1:understand,understand,NGSL_1_2_CORE,understand,243,EXACT_HEADWORD,UNREVIEWED_SOURCE_CANDIDATE,NOT_CLEARED
lex:A1:university,university,NGSL_1_2_CORE,university,968,EXACT_HEADWORD,UNREVIEWED_SOURCE_CANDIDATE,NOT_CLEARED
lex:A1:until,until,NGSL_1_2_CORE,until,255,EXACT_HEADWORD,UNREVIEWED_SOURCE_CANDIDATE,NOT_CLEARED
lex:A1:up,up,NGSL_1_2_CORE,up,52,EXACT_HEADWORD,UNREVIEWED_SOURCE_CANDIDATE,NOT_CLEARED
lex:A1:upstairs,upstairs,NGSL_SFI_31K_EXTENSION,upstairs,3052,EXACT_HEADWORD,UNREVIEWED_SOURCE_CANDIDATE,NOT_CLEARED
lex:A1:us,us,NGSL_1_2_CORE,we,16,GRAMMATICAL_FORM,UNREVIEWED_SOURCE_CANDIDATE,NOT_CLEARED
lex:A1:use,use,NGSL_1_2_CORE,use,68,EXACT_HEADWORD,UNREVIEWED_SOURCE_CANDIDATE,NOT_CLEARED
lex:A1:useful,useful,NGSL_1_2_CORE,useful,918,EXACT_HEADWORD,UNREVIEWED_SOURCE_CANDIDATE,NOT_CLEARED
lex:A1:usually,usually,NGSL_1_2_CORE,usually,555,EXACT_HEADWORD,UNREVIEWED_SOURCE_CANDIDATE,NOT_CLEARED
lex:A1:vacation,vacation,NGSL_SFI_31K_EXTENSION,vacation,2784,EXACT_HEADWORD,UNREVIEWED_SOURCE_CANDIDATE,NOT_CLEARED
lex:A1:vegetable,vegetable,NGSL_1_2_CORE,vegetable,2216,EXACT_HEADWORD,UNREVIEWED_SOURCE_CANDIDATE,NOT_CLEARED
lex:A1:very,very,NGSL_1_2_CORE,very,63,EXACT_HEADWORD,UNREVIEWED_SOURCE_CANDIDATE,NOT_CLEARED
lex:A1:video,video,NGSL_1_2_CORE,video,1065,EXACT_HEADWORD,UNREVIEWED_SOURCE_CANDIDATE,NOT_CLEARED
lex:A1:village,village,NGSL_1_2_CORE,village,815,EXACT_HEADWORD,UNREVIEWED_SOURCE_CANDIDATE,NOT_CLEARED
lex:A1:visit,visit,NGSL_1_2_CORE,visit,333,EXACT_HEADWORD,UNREVIEWED_SOURCE_CANDIDATE,NOT_CLEARED
lex:A1:visitor,visitor,NGSL_1_2_CORE,visitor,1398,EXACT_HEADWORD,UNREVIEWED_SOURCE_CANDIDATE,NOT_CLEARED
lex:A1:wait,wait,NGSL_1_2_CORE,wait,403,EXACT_HEADWORD,UNREVIEWED_SOURCE_CANDIDATE,NOT_CLEARED
lex:A1:waiter,waiter,NGSL_SFI_31K_EXTENSION,waiter,4555,EXACT_HEADWORD,UNREVIEWED_SOURCE_CANDIDATE,NOT_CLEARED
lex:A1:wake,wake,NGSL_1_2_CORE,wake,1508,EXACT_HEADWORD,UNREVIEWED_SOURCE_CANDIDATE,NOT_CLEARED
lex:A1:walk,walk,NGSL_1_2_CORE,walk,339,EXACT_HEADWORD,UNREVIEWED_SOURCE_CANDIDATE,NOT_CLEARED
lex:A1:wall,wall,NGSL_1_2_CORE,wall,722,EXACT_HEADWORD,UNREVIEWED_SOURCE_CANDIDATE,NOT_CLEARED
lex:A1:want,want,NGSL_1_2_CORE,want,76,EXACT_HEADWORD,UNREVIEWED_SOURCE_CANDIDATE,NOT_CLEARED
lex:A1:warm,warm,NGSL_1_2_CORE,warm,1021,EXACT_HEADWORD,UNREVIEWED_SOURCE_CANDIDATE,NOT_CLEARED
lex:A1:wash,wash,NGSL_1_2_CORE,wash,1368,EXACT_HEADWORD,UNREVIEWED_SOURCE_CANDIDATE,NOT_CLEARED
lex:A1:watch,watch,NGSL_1_2_CORE,watch,326,EXACT_HEADWORD,UNREVIEWED_SOURCE_CANDIDATE,NOT_CLEARED
lex:A1:water,water,NGSL_1_2_CORE,water,322,EXACT_HEADWORD,UNREVIEWED_SOURCE_CANDIDATE,NOT_CLEARED
lex:A1:way,way,NGSL_1_2_CORE,way,80,EXACT_HEADWORD,UNREVIEWED_SOURCE_CANDIDATE,NOT_CLEARED
lex:A1:we,we,NGSL_1_2_CORE,we,16,EXACT_HEADWORD,UNREVIEWED_SOURCE_CANDIDATE,NOT_CLEARED
lex:A1:wear,wear,NGSL_1_2_CORE,wear,526,EXACT_HEADWORD,UNREVIEWED_SOURCE_CANDIDATE,NOT_CLEARED
lex:A1:weather,weather,NGSL_1_2_CORE,weather,1068,EXACT_HEADWORD,UNREVIEWED_SOURCE_CANDIDATE,NOT_CLEARED
lex:A1:website,website,NGSL_1_2_CORE,website,2764,EXACT_HEADWORD,UNREVIEWED_SOURCE_CANDIDATE,NOT_CLEARED
lex:A1:wednesday,Wednesday,NGSL_1_2_SUPPLEMENT,Wednesday,,EXACT_HEADWORD,UNREVIEWED_SOURCE_CANDIDATE,NOT_CLEARED
lex:A1:week,week,NGSL_1_2_CORE,week,157,EXACT_HEADWORD,UNREVIEWED_SOURCE_CANDIDATE,NOT_CLEARED
lex:A1:weekend,weekend,NGSL_1_2_CORE,weekend,934,EXACT_HEADWORD,UNREVIEWED_SOURCE_CANDIDATE,NOT_CLEARED
lex:A1:welcome,welcome,NGSL_1_2_CORE,welcome,989,EXACT_HEADWORD,UNREVIEWED_SOURCE_CANDIDATE,NOT_CLEARED
lex:A1:well,well,NGSL_1_2_CORE,well,61,EXACT_HEADWORD,UNREVIEWED_SOURCE_CANDIDATE,NOT_CLEARED
lex:A1:west,west,NGSL_1_2_CORE,west,1537,EXACT_HEADWORD,UNREVIEWED_SOURCE_CANDIDATE,NOT_CLEARED
lex:A1:what,what,NGSL_1_2_CORE,what,51,EXACT_HEADWORD,UNREVIEWED_SOURCE_CANDIDATE,NOT_CLEARED
lex:A1:when,when,NGSL_1_2_CORE,when,46,EXACT_HEADWORD,UNREVIEWED_SOURCE_CANDIDATE,NOT_CLEARED
lex:A1:where,where,NGSL_1_2_CORE,where,86,EXACT_HEADWORD,UNREVIEWED_SOURCE_CANDIDATE,NOT_CLEARED
lex:A1:which,which,NGSL_1_2_CORE,which,39,EXACT_HEADWORD,UNREVIEWED_SOURCE_CANDIDATE,NOT_CLEARED
lex:A1:white,white,NGSL_1_2_CORE,white,482,EXACT_HEADWORD,UNREVIEWED_SOURCE_CANDIDATE,NOT_CLEARED
lex:A1:who,who,NGSL_1_2_CORE,who,44,EXACT_HEADWORD,UNREVIEWED_SOURCE_CANDIDATE,NOT_CLEARED
lex:A1:why,why,NGSL_1_2_CORE,why,154,EXACT_HEADWORD,UNREVIEWED_SOURCE_CANDIDATE,NOT_CLEARED
lex:A1:wife,wife,NGSL_1_2_CORE,wife,602,EXACT_HEADWORD,UNREVIEWED_SOURCE_CANDIDATE,NOT_CLEARED
lex:A1:will,will,NGSL_1_2_CORE,will,28,EXACT_HEADWORD,UNREVIEWED_SOURCE_CANDIDATE,NOT_CLEARED
lex:A1:win,win,NGSL_1_2_CORE,win,377,EXACT_HEADWORD,UNREVIEWED_SOURCE_CANDIDATE,NOT_CLEARED
lex:A1:window,window,NGSL_1_2_CORE,window,734,EXACT_HEADWORD,UNREVIEWED_SOURCE_CANDIDATE,NOT_CLEARED
lex:A1:wine,wine,NGSL_1_2_CORE,wine,1389,EXACT_HEADWORD,UNREVIEWED_SOURCE_CANDIDATE,NOT_CLEARED
lex:A1:winter,winter,NGSL_1_2_CORE,winter,1328,EXACT_HEADWORD,UNREVIEWED_SOURCE_CANDIDATE,NOT_CLEARED
lex:A1:with,with,NGSL_1_2_CORE,with,18,EXACT_HEADWORD,UNREVIEWED_SOURCE_CANDIDATE,NOT_CLEARED
lex:A1:without,without,NGSL_1_2_CORE,without,212,EXACT_HEADWORD,UNREVIEWED_SOURCE_CANDIDATE,NOT_CLEARED
lex:A1:woman,woman,NGSL_1_2_CORE,woman,169,EXACT_HEADWORD,UNREVIEWED_SOURCE_CANDIDATE,NOT_CLEARED
lex:A1:wonderful,wonderful,NGSL_1_2_CORE,wonderful,1076,EXACT_HEADWORD,UNREVIEWED_SOURCE_CANDIDATE,NOT_CLEARED
lex:A1:word,word,NGSL_1_2_CORE,word,217,EXACT_HEADWORD,UNREVIEWED_SOURCE_CANDIDATE,NOT_CLEARED
lex:A1:work,work,NGSL_1_2_CORE,work,67,EXACT_HEADWORD,UNREVIEWED_SOURCE_CANDIDATE,NOT_CLEARED
lex:A1:worker,worker,NGSL_1_2_CORE,worker,673,EXACT_HEADWORD,UNREVIEWED_SOURCE_CANDIDATE,NOT_CLEARED
lex:A1:world,world,NGSL_1_2_CORE,world,156,EXACT_HEADWORD,UNREVIEWED_SOURCE_CANDIDATE,NOT_CLEARED
lex:A1:would,would,NGSL_1_2_CORE,would,36,EXACT_HEADWORD,UNREVIEWED_SOURCE_CANDIDATE,NOT_CLEARED
lex:A1:write,write,NGSL_1_2_CORE,write,121,EXACT_HEADWORD,UNREVIEWED_SOURCE_CANDIDATE,NOT_CLEARED
lex:A1:writer,writer,NGSL_1_2_CORE,writer,1024,EXACT_HEADWORD,UNREVIEWED_SOURCE_CANDIDATE,NOT_CLEARED
lex:A1:writing,writing,NGSL_1_2_CORE,write,121,RELATED_LEMMA_ONLY,UNREVIEWED_SOURCE_CANDIDATE,NOT_CLEARED
lex:A1:wrong,wrong,NGSL_1_2_CORE,wrong,575,EXACT_HEADWORD,UNREVIEWED_SOURCE_CANDIDATE,NOT_CLEARED
lex:A1:yeah,yeah,NGSL_1_2_CORE,yeah,976,EXACT_HEADWORD,UNREVIEWED_SOURCE_CANDIDATE,NOT_CLEARED
lex:A1:year,year,NGSL_1_2_CORE,year,58,EXACT_HEADWORD,UNREVIEWED_SOURCE_CANDIDATE,NOT_CLEARED
lex:A1:yellow,yellow,NGSL_1_2_CORE,yellow,1827,EXACT_HEADWORD,UNREVIEWED_SOURCE_CANDIDATE,NOT_CLEARED
lex:A1:yes,yes,NGSL_1_2_CORE,yes,228,EXACT_HEADWORD,UNREVIEWED_SOURCE_CANDIDATE,NOT_CLEARED
lex:A1:yesterday,yesterday,NGSL_1_2_CORE,yesterday,703,EXACT_HEADWORD,UNREVIEWED_SOURCE_CANDIDATE,NOT_CLEARED
lex:A1:you,you,NGSL_1_2_CORE,you,10,EXACT_HEADWORD,UNREVIEWED_SOURCE_CANDIDATE,NOT_CLEARED
lex:A1:young,young,NGSL_1_2_CORE,young,238,EXACT_HEADWORD,UNREVIEWED_SOURCE_CANDIDATE,NOT_CLEARED
lex:A1:your,your,NGSL_1_2_CORE,you,10,GRAMMATICAL_FORM,UNREVIEWED_SOURCE_CANDIDATE,NOT_CLEARED
lex:A1:yourself,yourself,NGSL_1_2_CORE,yourself,813,EXACT_HEADWORD,UNREVIEWED_SOURCE_CANDIDATE,NOT_CLEARED
