word,rank
the,1
be,2
and,3
of,4
to,5
a,6
in,7
have,8
it,9
you,10
he,11
for,12
they,13
not,14
that,15
we,16
on,17
with,18
this,19
I,20
do,21
as,22
at,23
she,24
but,25
from,26
by,27
will,28
or,29
say,30
go,31
so,32
all,33
if,34
one,35
would,36
about,37
can,38
which,39
there,40
know,41
more,42
get,43
who,44
like,45
when,46
think,47
make,48
time,49
see,50
what,51
up,52
some,53
other,54
out,55
good,56
people,57
year,58
take,59
no,60
well,61
because,62
very,63
just,64
come,65
could,66
work,67
use,68
than,69
now,70
then,71
also,72
into,73
only,74
look,75
want,76
give,77
first,78
new,79
way,80
find,81
over,82
any,83
after,84
day,85
where,86
thing,87
most,88
should,89
need,90
much,91
right,92
how,93
back,94
mean,95
even,96
may,97
here,98
many,99
such,100
last,101
child,102
tell,103
really,104
call,105
before,106
company,107
through,108
down,109
show,110
life,111
man,112
change,113
place,114
long,115
between,116
feel,117
too,118
still,119
problem,120
write,121
same,122
lot,123
great,124
try,125
leave,126
number,127
both,128
own,129
part,130
point,131
little,132
help,133
ask,134
meet,135
start,136
talk,137
something,138
put,139
another,140
become,141
interest,142
country,143
old,144
each,145
school,146
late,147
high,148
different,149
off,150
next,151
end,152
live,153
why,154
while,155
world,156
week,157
play,158
might,159
must,160
home,161
never,162
include,163
course,164
house,165
report,166
group,167
case,168
woman,169
around,170
book,171
family,172
seem,173
let,174
again,175
kind,176
keep,177
hear,178
system,179
every,180
question,181
during,182
always,183
big,184
set,185
small,186
study,187
follow,188
begin,189
important,190
since,191
run,192
under,193
turn,194
few,195
bring,196
early,197
hand,198
state,199
move,200
money,201
fact,202
however,203
area,204
provide,205
name,206
read,207
friend,208
month,209
large,210
business,211
without,212
information,213
open,214
order,215
government,216
word,217
issue,218
market,219
pay,220
build,221
hold,222
service,223
against,224
believe,225
second,226
though,227
yes,228
love,229
increase,230
job,231
plan,232
result,233
away,234
example,235
happen,236
offer,237
young,238
close,239
program,240
lead,241
buy,242
understand,243
thank,244
far,245
today,246
hour,247
student,248
face,249
hope,250
idea,251
cost,252
less,253
room,254
until,255
reason,256
form,257
spend,258
head,259
car,260
learn,261
level,262
person,263
experience,264
once,265
member,266
enough,267
bad,268
city,269
night,270
able,271
support,272
whether,273
line,274
present,275
side,276
quite,277
although,278
sure,279
term,280
least,281
age,282
low,283
speak,284
within,285
process,286
public,287
often,288
train,289
possible,290
actually,291
rather,292
view,293
together,294
consider,295
price,296
parent,297
hard,298
party,299
local,300
control,301
already,302
concern,303
product,304
lose,305
story,306
almost,307
continue,308
stand,309
whole,310
yet,311
rate,312
care,313
expect,314
effect,315
sort,316
ever,317
anything,318
cause,319
fall,320
deal,321
water,322
send,323
allow,324
soon,325
watch,326
base,327
probably,328
suggest,329
past,330
power,331
test,332
visit,333
center,334
grow,335
nothing,336
return,337
mother,338
walk,339
matter,340
mind,341
value,342
office,343
record,344
stay,345
force,346
stop,347
several,348
light,349
develop,350
remember,351
bit,352
share,353
real,354
answer,355
sit,356
figure,357
letter,358
decide,359
language,360
subject,361
class,362
development,363
town,364
half,365
minute,366
food,367
break,368
clear,369
future,370
either,371
ago,372
per,373
remain,374
top,375
among,376
win,377
color,378
involve,379
reach,380
social,381
period,382
across,383
note,384
history,385
create,386
drive,387
along,388
type,389
sound,390
eye,391
music,392
game,393
political,394
free,395
receive,396
moment,397
sale,398
policy,399
further,400
body,401
require,402
wait,403
general,404
appear,405
toward,406
team,407
easy,408
individual,409
full,410
black,411
sense,412
perhaps,413
add,414
rule,415
pass,416
produce,417
sell,418
short,419
agree,420
law,421
everything,422
research,423
cover,424
paper,425
position,426
near,427
human,428
computer,429
situation,430
staff,431
activity,432
film,433
morning,434
war,435
account,436
shop,437
major,438
someone,439
above,440
design,441
event,442
special,443
sometimes,444
condition,445
carry,446
choose,447
father,448
decision,449
table,450
certain,451
forward,452
main,453
die,454
bear,455
cut,456
describe,457
himself,458
available,459
especially,460
strong,461
rise,462
girl,463
maybe,464
community,465
else,466
particular,467
role,468
join,469
difficult,470
please,471
detail,472
difference,473
action,474
health,475
eat,476
step,477
TRUE,478
phone,479
themselves,480
draw,481
white,482
date,483
practice,484
model,485
raise,486
customer,487
front,488
explain,489
door,490
outside,491
behind,492
economic,493
site,494
approach,495
teacher,496
land,497
charge,498
finally,499
sign,500
claim,501
relationship,502
travel,503
enjoy,504
death,505
nice,506
amount,507
improve,508
picture,509
boy,510
regard,511
organization,512
happy,513
couple,514
act,515
range,516
quality,517
project,518
round,519
opportunity,520
road,521
accord,522
list,523
wish,524
therefore,525
wear,526
fund,527
rest,528
kid,529
industry,530
education,531
measure,532
kill,533
serve,534
likely,535
certainly,536
national,537
itself,538
teach,539
field,540
security,541
air,542
benefit,543
trade,544
risk,545
news,546
standard,547
vote,548
percent,549
focus,550
stage,551
space,552
instead,553
realize,554
usually,555
data,556
single,557
address,558
performance,559
chance,560
accept,561
society,562
technology,563
mention,564
choice,565
save,566
common,567
culture,568
total,569
demand,570
material,571
limit,572
listen,573
due,574
wrong,575
foot,576
effort,577
attention,578
upon,579
check,580
complete,581
lie,582
pick,583
reduce,584
personal,585
ground,586
animal,587
arrive,588
patient,589
current,590
century,591
evidence,592
exist,593
similar,594
fight,595
leader,596
fine,597
street,598
former,599
contact,600
particularly,601
wife,602
sport,603
prepare,604
discuss,605
response,606
voice,607
piece,608
finish,609
suppose,610
apply,611
president,612
fire,613
compare,614
court,615
police,616
store,617
poor,618
knowledge,619
laugh,620
arm,621
heart,622
source,623
employee,624
manage,625
simply,626
bank,627
firm,628
cell,629
article,630
fast,631
attack,632
foreign,633
surprise,634
feature,635
factor,636
pretty,637
recently,638
affect,639
drop,640
recent,641
relate,642
official,643
financial,644
miss,645
art,646
campaign,647
private,648
pause,649
everyone,650
forget,651
page,652
worry,653
summer,654
drink,655
opinion,656
park,657
represent,658
key,659
inside,660
manager,661
international,662
contain,663
notice,664
wonder,665
nature,666
structure,667
section,668
myself,669
exactly,670
plant,671
paint,672
worker,673
press,674
whatever,675
necessary,676
region,677
growth,678
evening,679
influence,680
respect,681
various,682
catch,683
thus,684
skill,685
attempt,686
son,687
simple,688
medium,689
average,690
stock,691
management,692
character,693
bed,694
hit,695
establish,696
indeed,697
final,698
economy,699
fit,700
guy,701
function,702
yesterday,703
image,704
size,705
behavior,706
addition,707
determine,708
station,709
population,710
fail,711
environment,712
production,713
contract,714
player,715
comment,716
enter,717
occur,718
alone,719
significant,720
drug,721
wall,722
series,723
direct,724
success,725
tomorrow,726
director,727
clearly,728
lack,729
review,730
depend,731
race,732
recognize,733
window,734
purpose,735
department,736
gain,737
tree,738
college,739
argue,740
board,741
holiday,742
mark,743
church,744
machine,745
achieve,746
item,747
prove,748
cent,749
season,750
floor,751
stuff,752
wide,753
anyone,754
method,755
analysis,756
election,757
military,758
hotel,759
club,760
below,761
movie,762
doctor,763
discussion,764
sorry,765
challenge,766
nation,767
nearly,768
statement,769
link,770
despite,771
introduce,772
advantage,773
ready,774
marry,775
strike,776
mile,777
seek,778
ability,779
unit,780
card,781
hospital,782
quickly,783
interview,784
agreement,785
release,786
tax,787
solution,788
capital,789
popular,790
specific,791
beautiful,792
fear,793
aim,794
television,795
serious,796
target,797
degree,798
pull,799
red,800
husband,801
access,802
movement,803
treat,804
identify,805
loss,806
shall,807
modern,808
pressure,809
bus,810
treatment,811
conference,812
yourself,813
supply,814
village,815
worth,816
natural,817
express,818
indicate,819
attend,820
brother,821
investment,822
score,823
organize,824
trip,825
beyond,826
sleep,827
fish,828
promise,829
potential,830
energy,831
trouble,832
relation,833
touch,834
file,835
middle,836
bar,837
suffer,838
strategy,839
deep,840
except,841
clean,842
tend,843
advance,844
fill,845
star,846
network,847
generally,848
operation,849
match,850
avoid,851
seat,852
throw,853
task,854
normal,855
goal,856
associate,857
blue,858
positive,859
option,860
box,861
huge,862
message,863
instance,864
style,865
refer,866
cold,867
push,868
quarter,869
assume,870
baby,871
successful,872
sing,873
doubt,874
competition,875
theory,876
propose,877
reference,878
argument,879
adult,880
fly,881
document,882
pattern,883
application,884
hot,885
obviously,886
unclear,887
bill,888
search,889
separate,890
central,891
career,892
anyway,893
speech,894
dog,895
officer,896
throughout,897
oil,898
dress,899
profit,900
guess,901
fun,902
protect,903
resource,904
science,905
disease,906
balance,907
damage,908
basis,909
author,910
basic,911
encourage,912
hair,913
male,914
operate,915
reflect,916
exercise,917
useful,918
restaurant,919
income,920
property,921
previous,922
dark,923
imagine,924
okay,925
earn,926
daughter,927
post,928
newspaper,929
define,930
conclusion,931
clock,932
everybody,933
weekend,934
perform,935
professional,936
mine,937
debate,938
memory,939
green,940
song,941
object,942
maintain,943
credit,944
ring,945
discover,946
dead,947
afternoon,948
prefer,949
extend,950
possibility,951
direction,952
facility,953
variety,954
daily,955
clothes,956
screen,957
track,958
dance,959
completely,960
female,961
responsibility,962
original,963
sister,964
rock,965
dream,966
nor,967
university,968
easily,969
agency,970
dollar,971
garden,972
fix,973
ahead,974
cross,975
yeah,976
candidate,977
weight,978
legal,979
proposal,980
version,981
conversation,982
somebody,983
pound,984
magazine,985
shape,986
sea,987
immediately,988
welcome,989
smile,990
communication,991
agent,992
traditional,993
replace,994
judge,995
herself,996
suddenly,997
generation,998
estimate,999
favorite,1000
difficulty,1001
purchase,1002
shoot,1003
announce,1004
unless,1005
independent,1006
recommend,1007
survey,1008
majority,1009
stick,1010
request,1011
rich,1012
wind,1013
none,1014
exchange,1015
budget,1016
famous,1017
blood,1018
appropriate,1019
block,1020
warm,1021
count,1022
scene,1023
writer,1024
content,1025
prevent,1026
safe,1027
invite,1028
mix,1029
element,1030
effective,1031
correct,1032
medical,1033
admit,1034
beat,1035
telephone,1036
copy,1037
committee,1038
aware,1039
advice,1040
handle,1041
glass,1042
trial,1043
stress,1044
radio,1045
administration,1046
complex,1047
text,1048
context,1049
ride,1050
directly,1051
heavy,1052
remove,1053
conduct,1054
equipment,1055
otherwise,1056
title,1057
extra,1058
executive,1059
chair,1060
expensive,1061
sample,1062
sex,1063
deliver,1064
video,1065
connection,1066
primary,1067
weather,1068
collect,1069
inform,1070
principle,1071
straight,1072
appeal,1073
highly,1074
trust,1075
wonderful,1076
flat,1077
absolutely,1078
flow,1079
fair,1080
additional,1081
responsible,1082
farm,1083
collection,1084
hang,1085
negative,1086
band,1087
relative,1088
tour,1089
alternative,1090
software,1091
pair,1092
ship,1093
attitude,1094
cheap,1095
double,1096
leg,1097
observe,1098
sentence,1099
print,1100
progress,1101
truth,1102
nobody,1103
examine,1104
lay,1105
speed,1106
politics,1107
reply,1108
display,1109
transfer,1110
perfect,1111
slightly,1112
overall,1113
intend,1114
user,1115
respond,1116
dinner,1117
slow,1118
regular,1119
physical,1120
apart,1121
suit,1122
federal,1123
reveal,1124
percentage,1125
peace,1126
status,1127
crime,1128
decline,1129
decade,1130
launch,1131
warn,1132
consumer,1133
favor,1134
dry,1135
partner,1136
institution,1137
spot,1138
horse,1139
eventually,1140
heat,1141
excite,1142
reader,1143
importance,1144
distance,1145
guide,1146
grant,1147
taxi,1148
feed,1149
pain,1150
sector,1151
mistake,1152
ensure,1153
satisfy,1154
chief,1155
cool,1156
expert,1157
wave,1158
south,1159
labor,1160
surface,1161
library,1162
excellent,1163
edge,1164
camp,1165
audience,1166
lift,1167
procedure,1168
email,1169
global,1170
struggle,1171
advertise,1172
select,1173
surround,1174
extent,1175
river,1176
annual,1177
fully,1178
contrast,1179
roll,1180
reality,1181
photograph,1182
artist,1183
conflict,1184
entire,1185
presence,1186
crowd,1187
corner,1188
gas,1189
shift,1190
net,1191
category,1192
secretary,1193
defense,1194
quick,1195
cook,1196
spread,1197
nuclear,1198
scale,1199
driver,1200
ball,1201
cry,1202
introduction,1203
requirement,1204
north,1205
confirm,1206
senior,1207
photo,1208
refuse,1209
transport,1210
emerge,1211
map,1212
concept,1213
island,1214
reform,1215
neither,1216
football,1217
survive,1218
flight,1219
left,1220
solve,1221
neighbor,1222
background,1223
technique,1224
traffic,1225
improvement,1226
tool,1227
consequence,1228
circumstance,1229
smoke,1230
reaction,1231
rain,1232
busy,1233
lesson,1234
brain,1235
mass,1236
funny,1237
contribute,1238
failure,1239
schedule,1240
speaker,1241
bottom,1242
adopt,1243
combine,1244
mountain,1245
waste,1246
hide,1247
marriage,1248
ticket,1249
meal,1250
colleague,1251
bag,1252
repeat,1253
equal,1254
expression,1255
plus,1256
extremely,1257
owner,1258
plane,1259
commercial,1260
lady,1261
duty,1262
strength,1263
connect,1264
cultural,1265
arrange,1266
scheme,1267
payment,1268
unfortunately,1269
brief,1270
bird,1271
demonstrate,1272
contribution,1273
appreciate,1274
chapter,1275
secret,1276
apparently,1277
novel,1278
union,1279
burn,1280
trend,1281
initial,1282
pleasure,1283
suggestion,1284
critical,1285
gather,1286
mostly,1287
earth,1288
pop,1289
essential,1290
desire,1291
promote,1292
currently,1293
employ,1294
path,1295
topic,1296
beach,1297
attract,1298
engage,1299
powerful,1300
flower,1301
crisis,1302
settle,1303
boat,1304
aid,1305
fan,1306
kitchen,1307
twice,1308
fresh,1309
delay,1310
safety,1311
engineer,1312
quiet,1313
insurance,1314
nurse,1315
divide,1316
length,1317
investigation,1318
package,1319
somewhere,1320
expand,1321
commit,1322
obvious,1323
jump,1324
weapon,1325
relatively,1326
host,1327
winter,1328
district,1329
broad,1330
tire,1331
spring,1332
spirit,1333
lunch,1334
actual,1335
pool,1336
battle,1337
tradition,1338
cash,1339
hardly,1340
award,1341
coach,1342
experiment,1343
consideration,1344
strange,1345
code,1346
possibly,1347
threat,1348
accident,1349
impossible,1350
revenue,1351
enable,1352
afraid,1353
active,1354
conclude,1355
religious,1356
cancer,1357
convince,1358
vary,1359
environmental,1360
sun,1361
healthy,1362
blow,1363
volume,1364
location,1365
invest,1366
proceed,1367
wash,1368
actor,1369
glad,1370
tape,1371
whereas,1372
opposite,1373
stone,1374
sum,1375
murder,1376
monitor,1377
soldier,1378
finance,1379
hate,1380
egg,1381
concert,1382
shock,1383
comfortable,1384
usual,1385
carefully,1386
pack,1387
recall,1388
wine,1389
camera,1390
swim,1391
manufacture,1392
theater,1393
cycle,1394
coffee,1395
totally,1396
museum,1397
visitor,1398
freedom,1399
construction,1400
dear,1401
objective,1402
moreover,1403
onto,1404
historical,1405
oppose,1406
branch,1407
vehicle,1408
scientist,1409
route,1410
bind,1411
belong,1412
taste,1413
tonight,1414
fashion,1415
danger,1416
bomb,1417
army,1418
dangerous,1419
decrease,1420
hurt,1421
council,1422
editor,1423
normally,1424
sight,1425
generate,1426
gift,1427
delivery,1428
deny,1429
guest,1430
anybody,1431
bedroom,1432
quote,1433
climb,1434
basically,1435
violence,1436
minister,1437
mainly,1438
mouth,1439
noise,1440
manner,1441
gun,1442
square,1443
occasion,1444
familiar,1445
ignore,1446
destroy,1447
affair,1448
civil,1449
locate,1450
citizen,1451
temperature,1452
gold,1453
domestic,1454
load,1455
belief,1456
troop,1457
technical,1458
remind,1459
arrangement,1460
skin,1461
prison,1462
switch,1463
acquire,1464
corporate,1465
fairly,1466
wood,1467
participate,1468
tough,1469
tear,1470
representative,1471
capacity,1472
border,1473
shake,1474
assessment,1475
shoe,1476
ought,1477
ad,1478
fee,1479
hall,1480
regulation,1481
escape,1482
studio,1483
proper,1484
relax,1485
tourist,1486
component,1487
afford,1488
lawyer,1489
suspect,1490
cup,1491
description,1492
confidence,1493
industrial,1494
complain,1495
perspective,1496
error,1497
arrest,1498
assess,1499
register,1500
asset,1501
signal,1502
finger,1503
relevant,1504
explore,1505
leadership,1506
commitment,1507
wake,1508
necessarily,1509
bright,1510
frame,1511
slowly,1512
bond,1513
hire,1514
hole,1515
tie,1516
internal,1517
chain,1518
literature,1519
victim,1520
threaten,1521
division,1522
secure,1523
amaze,1524
device,1525
birth,1526
forest,1527
label,1528
root,1529
factory,1530
expense,1531
channel,1532
investigate,1533
recommendation,1534
rank,1535
typical,1536
west,1537
friendly,1538
resident,1539
provision,1540
concentrate,1541
plenty,1542
export,1543
entirely,1544
strongly,1545
bridge,1546
consist,1547
graduate,1548
brand,1549
moral,1550
insist,1551
combination,1552
abuse,1553
ice,1554
principal,1555
master,1556
definitely,1557
session,1558
grade,1559
nevertheless,1560
predict,1561
previously,1562
protection,1563
largely,1564
wed,1565
rent,1566
shot,1567
appearance,1568
reasonable,1569
guarantee,1570
till,1571
theme,1572
judgment,1573
odd,1574
approve,1575
loan,1576
definition,1577
elect,1578
atmosphere,1579
farmer,1580
comparison,1581
characteristic,1582
license,1583
rely,1584
narrow,1585
succeed,1586
identity,1587
desk,1588
permit,1589
seriously,1590
wild,1591
empty,1592
commission,1593
unique,1594
association,1595
instrument,1596
investor,1597
practical,1598
tea,1599
lovely,1600
soft,1601
row,1602
youth,1603
lock,1604
fuel,1605
expectation,1606
employment,1607
celebrate,1608
sexual,1609
shoulder,1610
breath,1611
increasingly,1612
import,1613
bottle,1614
ourselves,1615
sheet,1616
engine,1617
cast,1618
notion,1619
conservative,1620
journey,1621
opposition,1622
relief,1623
debt,1624
honor,1625
outcome,1626
blame,1627
explanation,1628
arise,1629
musical,1630
recover,1631
dad,1632
stretch,1633
declare,1634
retire,1635
tiny,1636
careful,1637
suitable,1638
native,1639
fruit,1640
analyze,1641
witness,1642
mail,1643
terrible,1644
researcher,1645
ordinary,1646
selection,1647
anywhere,1648
mental,1649
participant,1650
vision,1651
personality,1652
specifically,1653
fat,1654
entry,1655
fellow,1656
chemical,1657
capture,1658
tip,1659
discount,1660
peak,1661
chairman,1662
proportion,1663
ear,1664
disappear,1665
shout,1666
yard,1667
constant,1668
significantly,1669
hill,1670
considerable,1671
instruction,1672
intelligence,1673
ideal,1674
folk,1675
surely,1676
guard,1677
cat,1678
somewhat,1679
kiss,1680
presentation,1681
joint,1682
compete,1683
poll,1684
weak,1685
faith,1686
reduction,1687
reserve,1688
complaint,1689
bore,1690
mission,1691
somehow,1692
tone,1693
neighborhood,1694
passenger,1695
justice,1696
phase,1697
thin,1698
rush,1699
formal,1700
religion,1701
employer,1702
reject,1703
latter,1704
plate,1705
ban,1706
steal,1707
protest,1708
index,1709
sad,1710
frequently,1711
circle,1712
helpful,1713
command,1714
attractive,1715
sick,1716
impression,1717
unable,1718
joke,1719
sky,1720
column,1721
electronic,1722
impose,1723
criminal,1724
besides,1725
properly,1726
ancient,1727
coast,1728
ill,1729
kick,1730
closely,1731
multiple,1732
yield,1733
via,1734
legislation,1735
county,1736
unlike,1737
mobile,1738
assistant,1739
implement,1740
chart,1741
attach,1742
hell,1743
everywhere,1744
advise,1745
household,1746
acknowledge,1747
reward,1748
east,1749
hat,1750
academic,1751
voter,1752
meanwhile,1753
furthermore,1754
accuse,1755
scientific,1756
wage,1757
absence,1758
construct,1759
remark,1760
medicine,1761
professor,1762
rare,1763
intention,1764
dozen,1765
settlement,1766
gap,1767
widely,1768
minimum,1769
northern,1770
estate,1771
equally,1772
expose,1773
alive,1774
shut,1775
victory,1776
resolve,1777
critic,1778
variable,1779
enormous,1780
sweet,1781
permanent,1782
emotion,1783
pursue,1784
tall,1785
urge,1786
enemy,1787
appoint,1788
milk,1789
talent,1790
smell,1791
prior,1792
priority,1793
online,1794
phrase,1795
pilot,1796
stable,1797
merely,1798
resolution,1799
communicate,1800
injury,1801
vast,1802
exhibition,1803
producer,1804
regional,1805
immediate,1806
incident,1807
childhood,1808
draft,1809
slip,1810
accompany,1811
politician,1812
angry,1813
knock,1814
seed,1815
salary,1816
illustrate,1817
imply,1818
breakfast,1819
temporary,1820
liberal,1821
lake,1822
qualify,1823
competitive,1824
truly,1825
hi,1826
yellow,1827
habit,1828
disk,1829
core,1830
emotional,1831
aircraft,1832
self,1833
metal,1834
existence,1835
bone,1836
panel,1837
prime,1838
appointment,1839
emphasize,1840
maximum,1841
effectively,1842
elsewhere,1843
bother,1844
initiative,1845
sharp,1846
diet,1847
motion,1848
gray,1849
plastic,1850
complicate,1851
discipline,1852
disappoint,1853
boss,1854
assumption,1855
freeze,1856
extreme,1857
passage,1858
reputation,1859
forth,1860
negotiation,1861
mechanism,1862
coat,1863
democracy,1864
pocket,1865
lucky,1866
crash,1867
observation,1868
meat,1869
concentration,1870
implication,1871
deserve,1872
unusual,1873
defend,1874
classic,1875
king,1876
interaction,1877
repair,1878
collapse,1879
borrow,1880
fundamental,1881
dish,1882
abroad,1883
soul,1884
capable,1885
defeat,1886
presidential,1887
perfectly,1888
enhance,1889
proud,1890
emergency,1891
educational,1892
distinguish,1893
substantial,1894
nearby,1895
manufacturer,1896
slide,1897
valuable,1898
personally,1899
breast,1900
cope,1901
approximately,1902
accommodation,1903
highlight,1904
reporter,1905
climate,1906
shirt,1907
exception,1908
corporation,1909
chip,1910
winner,1911
encounter,1912
brown,1913
breathe,1914
excuse,1915
partly,1916
tennis,1917
urban,1918
confuse,1919
southern,1920
output,1921
beauty,1922
massive,1923
install,1924
calculate,1925
mouse,1926
mathematics,1927
upper,1928
creation,1929
occupy,1930
outline,1931
sufficient,1932
update,1933
luck,1934
preserve,1935
split,1936
swing,1937
illness,1938
journalist,1939
sudden,1940
advertisement,1941
consistent,1942
originally,1943
aside,1944
comfort,1945
secondly,1946
severe,1947
gene,1948
prospect,1949
snow,1950
plot,1951
neck,1952
criteria,1953
primarily,1954
integrate,1955
criticism,1956
convention,1957
bet,1958
retain,1959
sequence,1960
plain,1961
volunteer,1962
rural,1963
calm,1964
abandon,1965
examination,1966
silence,1967
rapidly,1968
efficient,1969
revolution,1970
delight,1971
spell,1972
premise,1973
lean,1974
dramatic,1975
differ,1976
grateful,1977
protein,1978
bike,1979
distribute,1980
intellectual,1981
derive,1982
crucial,1983
unemployment,1984
wheel,1985
crop,1986
minority,1987
origin,1988
interpretation,1989
gentleman,1990
drama,1991
landscape,1992
educate,1993
toy,1994
fault,1995
exhibit,1996
minor,1997
hunt,1998
storm,1999
thick,2000
achievement,2001
negotiate,2002
dominate,2003
supplier,2004
prize,2005
typically,2006
peer,2007
pension,2008
wing,2009
acquisition,2010
laughter,2011
deeply,2012
recognition,2013
electricity,2014
assistance,2015
roof,2016
retirement,2017
respectively,2018
variation,2019
ultimately,2020
proof,2021
soil,2022
smart,2023
layer,2024
upset,2025
tooth,2026
representation,2027
preparation,2028
dispute,2029
agenda,2030
emphasis,2031
edition,2032
silver,2033
entertainment,2034
honest,2035
undertake,2036
retail,2037
wire,2038
unlikely,2039
gay,2040
publication,2041
slight,2042
unknown,2043
framework,2044
zone,2045
restrict,2046
trace,2047
inch,2048
equivalent,2049
solid,2050
enterprise,2051
elderly,2052
owe,2053
governor,2054
uniform,2055
port,2056
pitch,2057
arrival,2058
contemporary,2059
gate,2060
ease,2061
beer,2062
specialist,2063
assure,2064
profile,2065
mood,2066
episode,2067
crack,2068
numerous,2069
submit,2070
symptom,2071
virtually,2072
era,2073
coverage,2074
tension,2075
cable,2076
sensitive,2077
nervous,2078
input,2079
isolate,2080
prisoner,2081
eliminate,2082
tight,2083
wet,2084
secondary,2085
welfare,2086
recruit,2087
exclude,2088
string,2089
cloud,2090
persuade,2091
inspire,2092
grand,2093
hence,2094
crew,2095
phenomenon,2096
pupil,2097
FALSE,2098
assist,2099
restore,2100
formula,2101
alter,2102
perceive,2103
routine,2104
sink,2105
stare,2106
anymore,2107
hero,2108
supporter,2109
convert,2110
steady,2111
meter,2112
truck,2113
nose,2114
beside,2115
sail,2116
disaster,2117
pace,2118
heavily,2119
devote,2120
terrorist,2121
justify,2122
vital,2123
fascinate,2124
external,2125
spare,2126
whenever,2127
depression,2128
guilty,2129
underlie,2130
mom,2131
distinction,2132
satisfaction,2133
incorporate,2134
pour,2135
sweep,2136
obligation,2137
sir,2138
evaluate,2139
anger,2140
pub,2141
perception,2142
naturally,2143
currency,2144
database,2145
initially,2146
territory,2147
stream,2148
rarely,2149
height,2150
apparent,2151
western,2152
expansion,2153
constantly,2154
muscle,2155
scare,2156
badly,2157
everyday,2158
boundary,2159
ratio,2160
essay,2161
scream,2162
withdraw,2163
pollution,2164
disorder,2165
furniture,2166
symbol,2167
apartment,2168
demonstration,2169
analyst,2170
platform,2171
steel,2172
cake,2173
transform,2174
wound,2175
restriction,2176
foundation,2177
designer,2178
strain,2179
innovation,2180
album,2181
singer,2182
trail,2183
trap,2184
loose,2185
extension,2186
wealth,2187
gradually,2188
tank,2189
evil,2190
remarkable,2191
tune,2192
grass,2193
invitation,2194
transition,2195
frighten,2196
bid,2197
breed,2198
extraordinary,2199
brilliant,2200
adviser,2201
stem,2202
reverse,2203
mode,2204
mirror,2205
awful,2206
pose,2207
adjust,2208
creative,2209
nowadays,2210
poem,2211
agricultural,2212
competitor,2213
alcohol,2214
festival,2215
vegetable,2216
van,2217
confident,2218
planet,2219
curve,2220
knee,2221
overcome,2222
web,2223
depth,2224
entrance,2225
log,2226
giant,2227
god,2228
portion,2229
substance,2230
extensive,2231
interpret,2232
independence,2233
sugar,2234
inner,2235
harm,2236
consult,2237
pink,2238
shadow,2239
strip,2240
smooth,2241
intervention,2242
impress,2243
exam,2244
vice,2245
radical,2246
similarly,2247
behave,2248
loud,2249
dimension,2250
subsequent,2251
infection,2252
jacket,2253
efficiency,2254
dirty,2255
statistic,2256
regularly,2257
resort,2258
iron,2259
broadcast,2260
membership,2261
bread,2262
blind,2263
pure,2264
bloody,2265
ally,2266
quantity,2267
bend,2268
mature,2269
briefly,2270
alarm,2271
disturb,2272
sustain,2273
flood,2274
poverty,2275
crazy,2276
cite,2277
newly,2278
parallel,2279
gender,2280
sponsor,2281
boot,2282
accurate,2283
dealer,2284
button,2285
burden,2286
desert,2287
mate,2288
occasionally,2289
shareholder,2290
bowl,2291
discovery,2292
resistance,2293
bath,2294
frequency,2295
criticize,2296
tap,2297
philosophy,2298
lip,2299
attribute,2300
apologize,2301
approval,2302
grab,2303
entitle,2304
lend,2305
involvement,2306
exposure,2307
conventional,2308
digital,2309
translate,2310
edit,2311
formation,2312
deposit,2313
pleasant,2314
overseas,2315
advocate,2316
establishment,2317
summary,2318
rough,2319
pen,2320
recovery,2321
seal,2322
tube,2323
tower,2324
characterize,2325
specify,2326
exact,2327
spin,2328
operator,2329
infant,2330
dig,2331
drag,2332
mount,2333
wrap,2334
anticipate,2335
dependent,2336
specialize,2337
angle,2338
chicken,2339
anxiety,2340
virus,2341
precisely,2342
rival,2343
offense,2344
detect,2345
teenager,2346
admire,2347
moderate,2348
surgery,2349
musician,2350
significance,2351
shower,2352
illegal,2353
charity,2354
universal,2355
cigarette,2356
constitute,2357
adequate,2358
consultant,2359
historian,2360
cousin,2361
visual,2362
stupid,2363
keen,2364
ethnic,2365
twin,2366
clinical,2367
eastern,2368
forecast,2369
segment,2370
custom,2371
adapt,2372
sand,2373
cap,2374
prompt,2375
charm,2376
react,2377
lecture,2378
venture,2379
compound,2380
rescue,2381
mess,2382
preference,2383
comprehensive,2384
incentive,2385
league,2386
dialog,2387
cream,2388
rapid,2389
cancel,2390
regret,2391
dismiss,2392
margin,2393
beneath,2394
opponent,2395
resist,2396
capability,2397
absolute,2398
correspond,2399
stroke,2400
dare,2401
barrier,2402
rid,2403
divorce,2404
ruin,2405
bury,2406
counsel,2407
tendency,2408
frequent,2409
motor,2410
survival,2411
counter,2412
possess,2413
permission,2414
valley,2415
float,2416
mad,2417
greatly,2418
visible,2419
electric,2420
impressive,2421
evolution,2422
awareness,2423
violent,2424
slave,2425
wealthy,2426
architecture,2427
acceptable,2428
journal,2429
coal,2430
measurement,2431
random,2432
successfully,2433
depress,2434
illustration,2435
burst,2436
privilege,2437
buyer,2438
mutual,2439
rail,2440
motivate,2441
laboratory,2442
mortgage,2443
promotion,2444
passion,2445
champion,2446
fulfill,2447
dust,2448
dedicate,2449
roughly,2450
skirt,2451
province,2452
march,2453
evaluation,2454
compromise,2455
accomplish,2456
weakness,2457
announcement,2458
salt,2459
glance,2460
opera,2461
contest,2462
brush,2463
embarrass,2464
gallery,2465
genetic,2466
aggressive,2467
chest,2468
format,2469
literary,2470
govern,2471
embrace,2472
praise,2473
silent,2474
pump,2475
publisher,2476
celebration,2477
golf,2478
compensation,2479
classical,2480
weigh,2481
versus,2482
deficit,2483
modify,2484
flash,2485
friendship,2486
profession,2487
literally,2488
equation,2489
gesture,2490
entertain,2491
fantastic,2492
assign,2493
inflation,2494
historic,2495
injure,2496
remote,2497
therapy,2498
orange,2499
twist,2500
personnel,2501
imagination,2502
disagree,2503
throat,2504
insight,2505
tackle,2506
forever,2507
exceed,2508
expenditure,2509
joy,2510
pregnant,2511
reliable,2512
gear,2513
click,2514
poet,2515
fortune,2516
ceremony,2517
pile,2518
pig,2519
mixture,2520
automatically,2521
scholar,2522
psychological,2523
dramatically,2524
stake,2525
creature,2526
partnership,2527
participation,2528
clause,2529
penalty,2530
chamber,2531
fancy,2532
poetry,2533
chat,2534
clothing,2535
evolve,2536
sake,2537
shelf,2538
boost,2539
tail,2540
possession,2541
abortion,2542
curious,2543
wooden,2544
boom,2545
tale,2546
democratic,2547
maintenance,2548
consequently,2549
pot,2550
cow,2551
strengthen,2552
whilst,2553
constraint,2554
fold,2555
bin,2556
undergo,2557
potentially,2558
scope,2559
pretend,2560
diversity,2561
allege,2562
pride,2563
intense,2564
inquiry,2565
resign,2566
craft,2567
strict,2568
concrete,2569
shell,2570
damn,2571
distinct,2572
humor,2573
limitation,2574
indication,2575
stability,2576
wise,2577
neglect,2578
compose,2579
jail,2580
shelter,2581
mere,2582
carbon,2583
regulate,2584
cheese,2585
trigger,2586
pipe,2587
destruction,2588
guitar,2589
flag,2590
piano,2591
magic,2592
mystery,2593
ski,2594
whisper,2595
rear,2596
menu,2597
species,2598
moon,2599
presumably,2600
bless,2601
airline,2602
amendment,2603
grandmother,2604
jury,2605
cooperation,2606
civilian,2607
composition,2608
coin,2609
regardless,2610
scan,2611
bunch,2612
racial,2613
greet,2614
hopefully,2615
sanction,2616
trick,2617
paragraph,2618
maker,2619
chocolate,2620
stimulate,2621
belt,2622
potato,2623
narrative,2624
tissue,2625
barely,2626
invent,2627
tourism,2628
pro,2629
stair,2630
hesitate,2631
shine,2632
motivation,2633
romantic,2634
firmly,2635
interior,2636
stomach,2637
nowhere,2638
pray,2639
championship,2640
servant,2641
immigrant,2642
excess,2643
complexity,2644
liability,2645
surprisingly,2646
extract,2647
implementation,2648
bias,2649
differently,2650
catalog,2651
continuous,2652
golden,2653
stamp,2654
guideline,2655
envelope,2656
knife,2657
biological,2658
consume,2659
luxury,2660
weekly,2661
wherever,2662
bite,2663
printer,2664
firstly,2665
anxious,2666
adventure,2667
fence,2668
exhaust,2669
attraction,2670
ocean,2671
quietly,2672
castle,2673
veteran,2674
reflection,2675
nerve,2676
determination,2677
altogether,2678
fiction,2679
carpet,2680
cluster,2681
confusion,2682
hurry,2683
logic,2684
controversial,2685
raw,2686
grammar,2687
revise,2688
hint,2689
hook,2690
bell,2691
liquid,2692
panic,2693
uncle,2694
rice,2695
slope,2696
happiness,2697
genuine,2698
vessel,2699
verb,2700
reckon,2701
silly,2702
transportation,2703
harbor,2704
comedy,2705
chase,2706
storage,2707
universe,2708
horrible,2709
sheep,2710
lover,2711
rat,2712
portrait,2713
innocent,2714
substitute,2715
supplement,2716
adjustment,2717
reasonably,2718
filter,2719
flexible,2720
abstract,2721
tent,2722
precise,2723
distant,2724
stranger,2725
shade,2726
grain,2727
situate,2728
summarize,2729
leap,2730
snap,2731
probability,2732
leather,2733
uncertainty,2734
swear,2735
refugee,2736
shore,2737
monthly,2738
comprise,2739
stir,2740
excitement,2741
sigh,2742
pregnancy,2743
experimental,2744
institutional,2745
slice,2746
wander,2747
empire,2748
subsequently,2749
gentle,2750
attendance,2751
ownership,2752
qualification,2753
suspend,2754
functional,2755
voluntary,2756
pale,2757
stain,2758
athlete,2759
organic,2760
tongue,2761
server,2762
structural,2763
website,2764
fool,2765
alongside,2766
unite,2767
gently,2768
compute,2769
wipe,2770
weird,2771
gaze,2772
fade,2773
cough,2774
hypothesis,2775
royal,2776
theoretical,2777
curtain,2778
mayor,2779
darkness,2780
aunt,2781
tournament,2782
registration,2783
fragment,2784
listener,2785
immigration,2786
tender,2787
density,2788
ugly,2789
module,2790
faithfully,2791
autumn,2792
cheek,2793
attachment,2794
holder,2795
solar,2796
grin,2797
rose,2798
noun,2799
fortunate,2800
alright,2801
lazy,2802
hello,2803
hunger,2804
insure,2805
ashamed,2806
found,2807
blog,2808
thirst,2809
