selection_id,cefrj_headword,a1_pos,ngsl_tier,ngsl_lemma,ngsl_rank,course_status,entry_ids
cefrj-a1:0001,the,determiner,NGSL_1_2_CORE,the,1,RETAINED,lex:A1:the
cefrj-a1:0002,be,be-verb,NGSL_1_2_CORE,be,2,RETAINED,lex:A1:be
cefrj-a1:0003,and,conjunction,NGSL_1_2_CORE,and,3,RETAINED,lex:A1:and
cefrj-a1:0004,of,preposition,NGSL_1_2_CORE,of,4,RETAINED,lex:A1:of
cefrj-a1:0005,to,infinitive-to|preposition,NGSL_1_2_CORE,to,5,RETAINED,lex:A1:to
cefrj-a1:0006,a,determiner,NGSL_1_2_CORE,a,6,RETAINED,lex:A1:a-an
cefrj-a1:0007,in,preposition,NGSL_1_2_CORE,in,7,RETAINED,lex:A1:in
cefrj-a1:0008,have,have-verb,NGSL_1_2_CORE,have,8,RETAINED,lex:A1:have
cefrj-a1:0009,it,pronoun,NGSL_1_2_CORE,it,9,RETAINED,lex:A1:it
cefrj-a1:0010,you,pronoun,NGSL_1_2_CORE,you,10,RETAINED,lex:A1:you
cefrj-a1:0011,he,pronoun,NGSL_1_2_CORE,he,11,RETAINED,lex:A1:he
cefrj-a1:0012,for,preposition,NGSL_1_2_CORE,for,12,RETAINED,lex:A1:for
cefrj-a1:0013,they,pronoun,NGSL_1_2_CORE,they,13,RETAINED,lex:A1:they
cefrj-a1:0014,not,adverb,NGSL_1_2_CORE,not,14,RETAINED,lex:A1:not
cefrj-a1:0015,that,conjunction|determiner|pronoun,NGSL_1_2_CORE,that,15,RETAINED,lex:A1:that
cefrj-a1:0016,we,pronoun,NGSL_1_2_CORE,we,16,RETAINED,lex:A1:we
cefrj-a1:0017,on,preposition,NGSL_1_2_CORE,on,17,RETAINED,lex:A1:on
cefrj-a1:0018,with,preposition,NGSL_1_2_CORE,with,18,RETAINED,lex:A1:with
cefrj-a1:0019,this,determiner|pronoun,NGSL_1_2_CORE,this,19,RETAINED,lex:A1:this
cefrj-a1:0020,I,pronoun,NGSL_1_2_CORE,i,20,RETAINED,lex:A1:i
cefrj-a1:0021,do,do-verb,NGSL_1_2_CORE,do,21,RETAINED,lex:A1:do
cefrj-a1:0022,as,preposition,NGSL_1_2_CORE,as,22,RETAINED,lex:A1:as
cefrj-a1:0023,at,preposition,NGSL_1_2_CORE,at,23,RETAINED,lex:A1:at
cefrj-a1:0024,she,pronoun,NGSL_1_2_CORE,she,24,RETAINED,lex:A1:she
cefrj-a1:0025,but,conjunction,NGSL_1_2_CORE,but,25,RETAINED,lex:A1:but
cefrj-a1:0026,from,preposition,NGSL_1_2_CORE,from,26,RETAINED,lex:A1:from
cefrj-a1:0027,by,preposition,NGSL_1_2_CORE,by,27,RETAINED,lex:A1:by
cefrj-a1:0028,will,modal auxiliary,NGSL_1_2_CORE,will,28,RETAINED,lex:A1:will
cefrj-a1:0029,or,conjunction,NGSL_1_2_CORE,or,29,RETAINED,lex:A1:or
cefrj-a1:0030,say,verb,NGSL_1_2_CORE,say,30,RETAINED,lex:A1:say
cefrj-a1:0031,go,verb,NGSL_1_2_CORE,go,31,RETAINED,lex:A1:go
cefrj-a1:0032,so,conjunction,NGSL_1_2_CORE,so,32,RETAINED,lex:A1:so
cefrj-a1:0033,all,determiner|pronoun,NGSL_1_2_CORE,all,33,RETAINED,lex:A1:all
cefrj-a1:0034,if,conjunction,NGSL_1_2_CORE,if,34,RETAINED,lex:A1:if
cefrj-a1:0035,one,determiner|number,NGSL_1_2_CORE,one,35,RETAINED,lex:A1:one
cefrj-a1:0036,would,modal auxiliary,NGSL_1_2_CORE,would,36,RETAINED,lex:A1:would
cefrj-a1:0037,about,adverb|preposition,NGSL_1_2_CORE,about,37,RETAINED,lex:A1:about
cefrj-a1:0038,can,modal auxiliary,NGSL_1_2_CORE,can,38,RETAINED,lex:A1:can
cefrj-a1:0039,which,determiner|pronoun,NGSL_1_2_CORE,which,39,RETAINED,lex:A1:which
cefrj-a1:0040,there,adverb,NGSL_1_2_CORE,there,40,RETAINED,lex:A1:there
cefrj-a1:0041,know,verb,NGSL_1_2_CORE,know,41,RETAINED,lex:A1:know
cefrj-a1:0042,more,determiner|pronoun,NGSL_1_2_CORE,more,42,RETAINED,lex:A1:more
cefrj-a1:0043,get,verb,NGSL_1_2_CORE,get,43,RETAINED,lex:A1:get
cefrj-a1:0044,who,pronoun,NGSL_1_2_CORE,who,44,RETAINED,lex:A1:who
cefrj-a1:0045,like,preposition|verb,NGSL_1_2_CORE,like,45,RETAINED,lex:A1:like-find-sb-sth-pleasant|lex:A1:like-similar
cefrj-a1:0046,when,adverb|conjunction,NGSL_1_2_CORE,when,46,RETAINED,lex:A1:when
cefrj-a1:0047,think,verb,NGSL_1_2_CORE,think,47,RETAINED,lex:A1:think
cefrj-a1:0048,make,verb,NGSL_1_2_CORE,make,48,RETAINED,lex:A1:make
cefrj-a1:0049,time,noun,NGSL_1_2_CORE,time,49,RETAINED,lex:A1:time
cefrj-a1:0050,see,verb,NGSL_1_2_CORE,see,50,RETAINED,lex:A1:see
cefrj-a1:0051,what,determiner|pronoun,NGSL_1_2_CORE,what,51,RETAINED,lex:A1:what
cefrj-a1:0052,up,preposition,NGSL_1_2_CORE,up,52,RETAINED,lex:A1:up
cefrj-a1:0053,some,determiner|pronoun,NGSL_1_2_CORE,some,53,RETAINED,lex:A1:some
cefrj-a1:0054,other,determiner,NGSL_1_2_CORE,other,54,RETAINED,lex:A1:other
cefrj-a1:0055,out,adverb,NGSL_1_2_CORE,out,55,RETAINED,lex:A1:out
cefrj-a1:0056,good,adjective,NGSL_1_2_CORE,good,56,RETAINED,lex:A1:good
cefrj-a1:0057,people,noun,NGSL_1_2_CORE,people,57,RETAINED,lex:A1:people
cefrj-a1:0058,year,noun,NGSL_1_2_CORE,year,58,RETAINED,lex:A1:year
cefrj-a1:0059,take,verb,NGSL_1_2_CORE,take,59,RETAINED,lex:A1:take
cefrj-a1:0060,no,adverb|determiner,NGSL_1_2_CORE,no,60,RETAINED,lex:A1:no
cefrj-a1:0061,well,adjective|adverb,NGSL_1_2_CORE,well,61,RETAINED,lex:A1:well
cefrj-a1:0062,because,conjunction,NGSL_1_2_CORE,because,62,RETAINED,lex:A1:because
cefrj-a1:0063,very,adverb,NGSL_1_2_CORE,very,63,RETAINED,lex:A1:very
cefrj-a1:0064,just,adverb,NGSL_1_2_CORE,just,64,RETAINED,lex:A1:just
cefrj-a1:0065,come,verb,NGSL_1_2_CORE,come,65,RETAINED,lex:A1:come
cefrj-a1:0066,could,modal auxiliary,NGSL_1_2_CORE,could,66,RETAINED,lex:A1:could
cefrj-a1:0067,work,noun|verb,NGSL_1_2_CORE,work,67,RETAINED,lex:A1:work
cefrj-a1:0068,use,verb,NGSL_1_2_CORE,use,68,RETAINED,lex:A1:use
cefrj-a1:0069,than,conjunction|preposition,NGSL_1_2_CORE,than,69,RETAINED,lex:A1:than
cefrj-a1:0070,now,adverb,NGSL_1_2_CORE,now,70,RETAINED,lex:A1:now
cefrj-a1:0071,then,adverb,NGSL_1_2_CORE,then,71,RETAINED,lex:A1:then
cefrj-a1:0072,also,adverb,NGSL_1_2_CORE,also,72,RETAINED,lex:A1:also
cefrj-a1:0073,into,preposition,NGSL_1_2_CORE,into,73,RETAINED,lex:A1:into
cefrj-a1:0074,only,adjective|adverb,NGSL_1_2_CORE,only,74,RETAINED,lex:A1:only
cefrj-a1:0075,look,noun|verb,NGSL_1_2_CORE,look,75,RETAINED,lex:A1:look
cefrj-a1:0076,want,verb,NGSL_1_2_CORE,want,76,RETAINED,lex:A1:want
cefrj-a1:0077,give,verb,NGSL_1_2_CORE,give,77,RETAINED,lex:A1:give
cefrj-a1:0078,first,adjective|adverb,NGSL_1_2_CORE,first,78,RETAINED,lex:A1:first
cefrj-a1:0079,new,adjective,NGSL_1_2_CORE,new,79,RETAINED,lex:A1:new
cefrj-a1:0080,way,noun,NGSL_1_2_CORE,way,80,RETAINED,lex:A1:way
cefrj-a1:0081,find,verb,NGSL_1_2_CORE,find,81,RETAINED,lex:A1:find
cefrj-a1:0082,over,preposition,NGSL_1_2_CORE,over,82,RETAINED,lex:A1:over
cefrj-a1:0083,any,determiner|pronoun,NGSL_1_2_CORE,any,83,RETAINED,lex:A1:any
cefrj-a1:0084,after,preposition,NGSL_1_2_CORE,after,84,RETAINED,lex:A1:after
cefrj-a1:0085,day,noun,NGSL_1_2_CORE,day,85,RETAINED,lex:A1:day
cefrj-a1:0086,where,adverb|conjunction,NGSL_1_2_CORE,where,86,RETAINED,lex:A1:where
cefrj-a1:0087,thing,noun,NGSL_1_2_CORE,thing,87,RETAINED,lex:A1:thing
cefrj-a1:0088,most,determiner,NGSL_1_2_CORE,most,88,RETAINED,lex:A1:most
cefrj-a1:0089,should,modal auxiliary,NGSL_1_2_CORE,should,89,RETAINED,lex:A1:should
cefrj-a1:0090,need,modal auxiliary,NGSL_1_2_CORE,need,90,RETAINED,lex:A1:need
cefrj-a1:0091,much,adverb|determiner|pronoun,NGSL_1_2_CORE,much,91,RETAINED,lex:A1:much
cefrj-a1:0092,right,adjective|adverb,NGSL_1_2_CORE,right,92,RETAINED,lex:A1:right
cefrj-a1:0093,how,adverb,NGSL_1_2_CORE,how,93,RETAINED,lex:A1:how
cefrj-a1:0094,back,adverb|noun,NGSL_1_2_CORE,back,94,RETAINED,lex:A1:back
cefrj-a1:0095,mean,verb,NGSL_1_2_CORE,mean,95,RETAINED,lex:A1:mean
cefrj-a1:0096,may,modal auxiliary,NGSL_1_2_CORE,may,97,RETAINED,lex:A1:may
cefrj-a1:0097,May,noun,NGSL_1_2_CORE,may,97,RETAINED,lex:A1:may
cefrj-a1:0098,here,adverb,NGSL_1_2_CORE,here,98,RETAINED,lex:A1:here
cefrj-a1:0099,many,determiner|pronoun,NGSL_1_2_CORE,many,99,RETAINED,lex:A1:many
cefrj-a1:0100,child,noun,NGSL_1_2_CORE,child,102,RETAINED,lex:A1:child
cefrj-a1:0101,tell,verb,NGSL_1_2_CORE,tell,103,RETAINED,lex:A1:tell
cefrj-a1:0102,really,adverb,NGSL_1_2_CORE,really,104,RETAINED,lex:A1:really
cefrj-a1:0103,call,noun,NGSL_1_2_CORE,call,105,RETAINED,lex:A1:call
cefrj-a1:0104,before,adverb|preposition,NGSL_1_2_CORE,before,106,RETAINED,lex:A1:before
cefrj-a1:0105,through,preposition,NGSL_1_2_CORE,through,108,RETAINED,lex:A1:through
cefrj-a1:0106,down,adverb,NGSL_1_2_CORE,down,109,RETAINED,lex:A1:down
cefrj-a1:0107,show,verb,NGSL_1_2_CORE,show,110,RETAINED,lex:A1:show
cefrj-a1:0108,life,noun,NGSL_1_2_CORE,life,111,RETAINED,lex:A1:life
cefrj-a1:0109,man,noun,NGSL_1_2_CORE,man,112,RETAINED,lex:A1:man
cefrj-a1:0110,change,noun|verb,NGSL_1_2_CORE,change,113,RETAINED,lex:A1:change
cefrj-a1:0111,place,noun,NGSL_1_2_CORE,place,114,RETAINED,lex:A1:place
cefrj-a1:0112,long,adjective,NGSL_1_2_CORE,long,115,RETAINED,lex:A1:long
cefrj-a1:0113,between,preposition,NGSL_1_2_CORE,between,116,RETAINED,lex:A1:between
cefrj-a1:0114,feel,verb,NGSL_1_2_CORE,feel,117,RETAINED,lex:A1:feel
cefrj-a1:0115,too,adverb,NGSL_1_2_CORE,too,118,RETAINED,lex:A1:too
cefrj-a1:0116,still,adjective,NGSL_1_2_CORE,still,119,RETAINED,lex:A1:still
cefrj-a1:0117,problem,noun,NGSL_1_2_CORE,problem,120,RETAINED,lex:A1:problem
cefrj-a1:0118,write,verb,NGSL_1_2_CORE,write,121,RETAINED,lex:A1:write
cefrj-a1:0119,same,adjective|adverb|pronoun,NGSL_1_2_CORE,same,122,RETAINED,lex:A1:same
cefrj-a1:0120,lot,adverb|pronoun,NGSL_1_2_CORE,lot,123,RETAINED,lex:A1:lot
cefrj-a1:0121,great,adjective,NGSL_1_2_CORE,great,124,RETAINED,lex:A1:great
cefrj-a1:0122,try,noun,NGSL_1_2_CORE,try,125,RETAINED,lex:A1:try
cefrj-a1:0123,leave,verb,NGSL_1_2_CORE,leave,126,RETAINED,lex:A1:leave
cefrj-a1:0124,number,noun,NGSL_1_2_CORE,number,127,RETAINED,lex:A1:number
cefrj-a1:0125,both,adverb|determiner|pronoun,NGSL_1_2_CORE,both,128,RETAINED,lex:A1:both
cefrj-a1:0126,own,adjective,NGSL_1_2_CORE,own,129,RETAINED,lex:A1:own
cefrj-a1:0127,point,noun,NGSL_1_2_CORE,point,131,RETAINED,lex:A1:point
cefrj-a1:0128,little,adjective|adverb,NGSL_1_2_CORE,little,132,RETAINED,lex:A1:little
cefrj-a1:0129,help,verb,NGSL_1_2_CORE,help,133,RETAINED,lex:A1:help
cefrj-a1:0130,ask,verb,NGSL_1_2_CORE,ask,134,RETAINED,lex:A1:ask
cefrj-a1:0131,meet,verb,NGSL_1_2_CORE,meet,135,RETAINED,lex:A1:meet
cefrj-a1:0132,start,noun|verb,NGSL_1_2_CORE,start,136,RETAINED,lex:A1:start
cefrj-a1:0133,talk,verb,NGSL_1_2_CORE,talk,137,RETAINED,lex:A1:talk
cefrj-a1:0134,something,pronoun,NGSL_1_2_CORE,something,138,RETAINED,lex:A1:something
cefrj-a1:0135,put,verb,NGSL_1_2_CORE,put,139,RETAINED,lex:A1:put
cefrj-a1:0136,another,determiner,NGSL_1_2_CORE,another,140,RETAINED,lex:A1:another
cefrj-a1:0137,become,verb,NGSL_1_2_CORE,become,141,RETAINED,lex:A1:become
cefrj-a1:0138,old,adjective,NGSL_1_2_CORE,old,144,RETAINED,lex:A1:old
cefrj-a1:0139,each,determiner|pronoun,NGSL_1_2_CORE,each,145,RETAINED,lex:A1:each
cefrj-a1:0140,school,noun,NGSL_1_2_CORE,school,146,RETAINED,lex:A1:school
cefrj-a1:0141,late,adjective|adverb,NGSL_1_2_CORE,late,147,RETAINED,lex:A1:late
cefrj-a1:0142,high,adjective,NGSL_1_2_CORE,high,148,RETAINED,lex:A1:high
cefrj-a1:0143,different,adjective,NGSL_1_2_CORE,different,149,RETAINED,lex:A1:different
cefrj-a1:0144,off,adjective,NGSL_1_2_CORE,off,150,RETAINED,lex:A1:off
cefrj-a1:0145,end,noun,NGSL_1_2_CORE,end,152,RETAINED,lex:A1:end
cefrj-a1:0146,live,verb,NGSL_1_2_CORE,live,153,RETAINED,lex:A1:live
cefrj-a1:0147,why,adverb,NGSL_1_2_CORE,why,154,RETAINED,lex:A1:why
cefrj-a1:0148,world,noun,NGSL_1_2_CORE,world,156,RETAINED,lex:A1:world
cefrj-a1:0149,week,noun,NGSL_1_2_CORE,week,157,RETAINED,lex:A1:week
cefrj-a1:0150,play,noun|verb,NGSL_1_2_CORE,play,158,RETAINED,lex:A1:play
cefrj-a1:0151,must,modal auxiliary,NGSL_1_2_CORE,must,160,RETAINED,lex:A1:must
cefrj-a1:0152,home,noun,NGSL_1_2_CORE,home,161,RETAINED,lex:A1:home
cefrj-a1:0153,never,adverb,NGSL_1_2_CORE,never,162,RETAINED,lex:A1:never
cefrj-a1:0154,course,noun,NGSL_1_2_CORE,course,164,RETAINED,lex:A1:course
cefrj-a1:0155,house,noun,NGSL_1_2_CORE,house,165,RETAINED,lex:A1:house
cefrj-a1:0156,group,noun,NGSL_1_2_CORE,group,167,RETAINED,lex:A1:group
cefrj-a1:0157,case,noun,NGSL_1_2_CORE,case,168,NEW,
cefrj-a1:0158,woman,noun,NGSL_1_2_CORE,woman,169,RETAINED,lex:A1:woman
cefrj-a1:0159,around,preposition,NGSL_1_2_CORE,around,170,RETAINED,lex:A1:around
cefrj-a1:0160,book,noun,NGSL_1_2_CORE,book,171,RETAINED,lex:A1:book
cefrj-a1:0161,family,noun,NGSL_1_2_CORE,family,172,RETAINED,lex:A1:family
cefrj-a1:0162,let,verb,NGSL_1_2_CORE,let,174,RETAINED,lex:A1:let
cefrj-a1:0163,again,adverb,NGSL_1_2_CORE,again,175,RETAINED,lex:A1:again
cefrj-a1:0164,kind,noun,NGSL_1_2_CORE,kind,176,RETAINED,lex:A1:kind-type
cefrj-a1:0165,keep,verb,NGSL_1_2_CORE,keep,177,RETAINED,lex:A1:keep
cefrj-a1:0166,hear,verb,NGSL_1_2_CORE,hear,178,RETAINED,lex:A1:hear
cefrj-a1:0167,every,determiner,NGSL_1_2_CORE,every,180,RETAINED,lex:A1:every
cefrj-a1:0168,question,noun,NGSL_1_2_CORE,question,181,RETAINED,lex:A1:question
cefrj-a1:0169,always,adverb,NGSL_1_2_CORE,always,183,RETAINED,lex:A1:always
cefrj-a1:0170,big,adjective,NGSL_1_2_CORE,big,184,RETAINED,lex:A1:big
cefrj-a1:0171,set,verb,NGSL_1_2_CORE,set,185,NEW,
cefrj-a1:0172,small,adjective,NGSL_1_2_CORE,small,186,RETAINED,lex:A1:small
cefrj-a1:0173,study,verb,NGSL_1_2_CORE,study,187,RETAINED,lex:A1:study
cefrj-a1:0174,begin,verb,NGSL_1_2_CORE,begin,189,RETAINED,lex:A1:begin
cefrj-a1:0175,important,adjective,NGSL_1_2_CORE,important,190,RETAINED,lex:A1:important
cefrj-a1:0176,run,noun|verb,NGSL_1_2_CORE,run,192,RETAINED,lex:A1:run
cefrj-a1:0177,under,preposition,NGSL_1_2_CORE,under,193,RETAINED,lex:A1:under
cefrj-a1:0178,turn,noun|verb,NGSL_1_2_CORE,turn,194,RETAINED,lex:A1:turn
cefrj-a1:0179,bring,verb,NGSL_1_2_CORE,bring,196,RETAINED,lex:A1:bring
cefrj-a1:0180,early,adverb,NGSL_1_2_CORE,early,197,RETAINED,lex:A1:early
cefrj-a1:0181,hand,noun,NGSL_1_2_CORE,hand,198,RETAINED,lex:A1:hand
cefrj-a1:0182,move,noun,NGSL_1_2_CORE,move,200,RETAINED,lex:A1:move
cefrj-a1:0183,money,noun,NGSL_1_2_CORE,money,201,RETAINED,lex:A1:money
cefrj-a1:0184,name,noun,NGSL_1_2_CORE,name,206,RETAINED,lex:A1:name
cefrj-a1:0185,read,verb,NGSL_1_2_CORE,read,207,RETAINED,lex:A1:read
cefrj-a1:0186,friend,noun,NGSL_1_2_CORE,friend,208,RETAINED,lex:A1:friend
cefrj-a1:0187,month,noun,NGSL_1_2_CORE,month,209,RETAINED,lex:A1:month
cefrj-a1:0188,large,adjective,NGSL_1_2_CORE,large,210,RETAINED,lex:A1:large
cefrj-a1:0189,business,noun,NGSL_1_2_CORE,business,211,RETAINED,lex:A1:business
cefrj-a1:0190,information,noun,NGSL_1_2_CORE,information,213,RETAINED,lex:A1:information
cefrj-a1:0191,open,adjective|verb,NGSL_1_2_CORE,open,214,RETAINED,lex:A1:open
cefrj-a1:0192,order,noun,NGSL_1_2_CORE,order,215,RETAINED,lex:A1:order
cefrj-a1:0193,word,noun,NGSL_1_2_CORE,word,217,RETAINED,lex:A1:word
cefrj-a1:0194,pay,noun|verb,NGSL_1_2_CORE,pay,220,RETAINED,lex:A1:pay
cefrj-a1:0195,build,verb,NGSL_1_2_CORE,build,221,RETAINED,lex:A1:build
cefrj-a1:0196,hold,noun,NGSL_1_2_CORE,hold,222,NEW,
cefrj-a1:0197,believe,verb,NGSL_1_2_CORE,believe,225,RETAINED,lex:A1:believe
cefrj-a1:0198,second,adjective,NGSL_1_2_CORE,second,226,RETAINED,lex:A1:second-next-after-the-first|lex:A1:second-unit-of-time
cefrj-a1:0199,yes,adverb,NGSL_1_2_CORE,yes,228,RETAINED,lex:A1:yes
cefrj-a1:0200,love,noun|verb,NGSL_1_2_CORE,love,229,RETAINED,lex:A1:love
cefrj-a1:0201,job,noun,NGSL_1_2_CORE,job,231,RETAINED,lex:A1:job
cefrj-a1:0202,plan,noun,NGSL_1_2_CORE,plan,232,RETAINED,lex:A1:plan
cefrj-a1:0203,result,noun,NGSL_1_2_CORE,result,233,RETAINED,lex:A1:result
cefrj-a1:0204,away,adverb,NGSL_1_2_CORE,away,234,RETAINED,lex:A1:away
cefrj-a1:0205,example,noun,NGSL_1_2_CORE,example,235,RETAINED,lex:A1:example
cefrj-a1:0206,happen,verb,NGSL_1_2_CORE,happen,236,RETAINED,lex:A1:happen
cefrj-a1:0207,young,adjective,NGSL_1_2_CORE,young,238,RETAINED,lex:A1:young
cefrj-a1:0208,close,adjective|verb,NGSL_1_2_CORE,close,239,RETAINED,lex:A1:close
cefrj-a1:0209,program/programme,noun,NGSL_1_2_CORE,program,240,RETAINED,lex:A1:programme
cefrj-a1:0210,buy,verb,NGSL_1_2_CORE,buy,242,RETAINED,lex:A1:buy
cefrj-a1:0211,thank,verb,NGSL_1_2_CORE,thank,244,RETAINED,lex:A1:thank
cefrj-a1:0212,today,adverb|noun,NGSL_1_2_CORE,today,246,RETAINED,lex:A1:today
cefrj-a1:0213,hour,noun,NGSL_1_2_CORE,hour,247,RETAINED,lex:A1:hour
cefrj-a1:0214,student,noun,NGSL_1_2_CORE,student,248,RETAINED,lex:A1:student
cefrj-a1:0215,face,noun,NGSL_1_2_CORE,face,249,RETAINED,lex:A1:face
cefrj-a1:0216,hope,noun,NGSL_1_2_CORE,hope,250,RETAINED,lex:A1:hope
cefrj-a1:0217,idea,noun,NGSL_1_2_CORE,idea,251,RETAINED,lex:A1:idea
cefrj-a1:0218,room,noun,NGSL_1_2_CORE,room,254,RETAINED,lex:A1:room
cefrj-a1:0219,until,preposition,NGSL_1_2_CORE,until,255,RETAINED,lex:A1:until
cefrj-a1:0220,reason,noun,NGSL_1_2_CORE,reason,256,RETAINED,lex:A1:reason
cefrj-a1:0221,form,noun,NGSL_1_2_CORE,form,257,RETAINED,lex:A1:form
cefrj-a1:0222,spend,verb,NGSL_1_2_CORE,spend,258,RETAINED,lex:A1:spend
cefrj-a1:0223,head,noun,NGSL_1_2_CORE,head,259,RETAINED,lex:A1:head
cefrj-a1:0224,car,noun,NGSL_1_2_CORE,car,260,RETAINED,lex:A1:car
cefrj-a1:0225,learn,verb,NGSL_1_2_CORE,learn,261,RETAINED,lex:A1:learn
cefrj-a1:0226,person,noun,NGSL_1_2_CORE,person,263,RETAINED,lex:A1:person
cefrj-a1:0227,once,adverb,NGSL_1_2_CORE,once,265,RETAINED,lex:A1:once
cefrj-a1:0228,bad,adjective,NGSL_1_2_CORE,bad,268,RETAINED,lex:A1:bad
cefrj-a1:0229,city,noun,NGSL_1_2_CORE,city,269,RETAINED,lex:A1:city
cefrj-a1:0230,night,noun,NGSL_1_2_CORE,night,270,RETAINED,lex:A1:night
cefrj-a1:0231,line,noun,NGSL_1_2_CORE,line,274,RETAINED,lex:A1:line
cefrj-a1:0232,present,noun,NGSL_1_2_CORE,present,275,RETAINED,lex:A1:present
cefrj-a1:0233,side,noun,NGSL_1_2_CORE,side,276,NEW,
cefrj-a1:0234,sure,adjective,NGSL_1_2_CORE,sure,279,RETAINED,lex:A1:sure
cefrj-a1:0235,age,noun,NGSL_1_2_CORE,age,282,RETAINED,lex:A1:age
cefrj-a1:0236,speak,verb,NGSL_1_2_CORE,speak,284,RETAINED,lex:A1:speak
cefrj-a1:0237,often,adverb,NGSL_1_2_CORE,often,288,RETAINED,lex:A1:often
cefrj-a1:0238,train,noun,NGSL_1_2_CORE,train,289,RETAINED,lex:A1:train
cefrj-a1:0239,together,adverb,NGSL_1_2_CORE,together,294,RETAINED,lex:A1:together
cefrj-a1:0240,price,noun,NGSL_1_2_CORE,price,296,RETAINED,lex:A1:price
cefrj-a1:0241,parent,noun,NGSL_1_2_CORE,parent,297,RETAINED,lex:A1:parent
cefrj-a1:0242,hard,adjective|adverb,NGSL_1_2_CORE,hard,298,RETAINED,lex:A1:hard
cefrj-a1:0243,party,noun,NGSL_1_2_CORE,party,299,RETAINED,lex:A1:party
cefrj-a1:0244,already,adverb,NGSL_1_2_CORE,already,302,NEW,
cefrj-a1:0245,story,noun,NGSL_1_2_CORE,story,306,RETAINED,lex:A1:story
cefrj-a1:0246,almost,adverb,NGSL_1_2_CORE,almost,307,NEW,
cefrj-a1:0247,stand,noun,NGSL_1_2_CORE,stand,309,RETAINED,lex:A1:stand
cefrj-a1:0248,yet,adverb,NGSL_1_2_CORE,yet,311,NEW,
cefrj-a1:0249,care,noun,NGSL_1_2_CORE,care,313,NEW,
cefrj-a1:0250,anything,pronoun,NGSL_1_2_CORE,anything,318,RETAINED,lex:A1:anything
cefrj-a1:0251,water,noun,NGSL_1_2_CORE,water,322,RETAINED,lex:A1:water
cefrj-a1:0252,soon,adverb,NGSL_1_2_CORE,soon,325,RETAINED,lex:A1:soon
cefrj-a1:0253,watch,noun|verb,NGSL_1_2_CORE,watch,326,RETAINED,lex:A1:watch
cefrj-a1:0254,past,adverb|preposition,NGSL_1_2_CORE,past,330,RETAINED,lex:A1:past
cefrj-a1:0255,test,noun,NGSL_1_2_CORE,test,332,RETAINED,lex:A1:test
cefrj-a1:0256,visit,noun|verb,NGSL_1_2_CORE,visit,333,RETAINED,lex:A1:visit
cefrj-a1:0257,grow,verb,NGSL_1_2_CORE,grow,335,RETAINED,lex:A1:grow
cefrj-a1:0258,nothing,pronoun,NGSL_1_2_CORE,nothing,336,RETAINED,lex:A1:nothing
cefrj-a1:0259,mother,noun,NGSL_1_2_CORE,mother,338,RETAINED,lex:A1:mother
cefrj-a1:0260,walk,noun|verb,NGSL_1_2_CORE,walk,339,RETAINED,lex:A1:walk
cefrj-a1:0261,matter,noun,NGSL_1_2_CORE,matter,340,NEW,
cefrj-a1:0262,mind,noun,NGSL_1_2_CORE,mind,341,NEW,
cefrj-a1:0263,office,noun,NGSL_1_2_CORE,office,343,RETAINED,lex:A1:office
cefrj-a1:0264,stay,verb,NGSL_1_2_CORE,stay,345,RETAINED,lex:A1:stay
cefrj-a1:0265,stop,noun|verb,NGSL_1_2_CORE,stop,347,RETAINED,lex:A1:stop
cefrj-a1:0266,light,adjective|noun,NGSL_1_2_CORE,light,349,RETAINED,lex:A1:light-from-the-sun-a-lamp
cefrj-a1:0267,remember,verb,NGSL_1_2_CORE,remember,351,RETAINED,lex:A1:remember
cefrj-a1:0268,share,verb,NGSL_1_2_CORE,share,353,RETAINED,lex:A1:share
cefrj-a1:0269,real,adjective|adverb,NGSL_1_2_CORE,real,354,RETAINED,lex:A1:real
cefrj-a1:0270,answer,noun|verb,NGSL_1_2_CORE,answer,355,RETAINED,lex:A1:answer
cefrj-a1:0271,sit,verb,NGSL_1_2_CORE,sit,356,RETAINED,lex:A1:sit
cefrj-a1:0272,letter,noun,NGSL_1_2_CORE,letter,358,RETAINED,lex:A1:letter
cefrj-a1:0273,language,noun,NGSL_1_2_CORE,language,360,RETAINED,lex:A1:language
cefrj-a1:0274,subject,noun,NGSL_1_2_CORE,subject,361,RETAINED,lex:A1:subject
cefrj-a1:0275,class,noun,NGSL_1_2_CORE,class,362,RETAINED,lex:A1:class
cefrj-a1:0276,town,noun,NGSL_1_2_CORE,town,364,RETAINED,lex:A1:town
cefrj-a1:0277,half,noun,NGSL_1_2_CORE,half,365,RETAINED,lex:A1:half
cefrj-a1:0278,minute,noun,NGSL_1_2_CORE,minute,366,RETAINED,lex:A1:minute
cefrj-a1:0279,food,noun,NGSL_1_2_CORE,food,367,RETAINED,lex:A1:food
cefrj-a1:0280,break,verb,NGSL_1_2_CORE,break,368,RETAINED,lex:A1:break
cefrj-a1:0281,future,noun,NGSL_1_2_CORE,future,370,RETAINED,lex:A1:future
cefrj-a1:0282,either,adverb,NGSL_1_2_CORE,either,371,NEW,
cefrj-a1:0283,ago,adverb,NGSL_1_2_CORE,ago,372,RETAINED,lex:A1:ago
cefrj-a1:0284,top,noun,NGSL_1_2_CORE,top,375,NEW,
cefrj-a1:0285,win,verb,NGSL_1_2_CORE,win,377,RETAINED,lex:A1:win
cefrj-a1:0286,color/colour,noun|verb,NGSL_1_2_CORE,color,378,RETAINED,lex:A1:colour
cefrj-a1:0287,social,adjective,NGSL_1_2_CORE,social,381,NEW,
cefrj-a1:0288,period,noun,NGSL_1_2_CORE,period,382,RETAINED,lex:A1:period
cefrj-a1:0289,note,noun|verb,NGSL_1_2_CORE,note,384,RETAINED,lex:A1:note
cefrj-a1:0290,history,noun,NGSL_1_2_CORE,history,385,RETAINED,lex:A1:history
cefrj-a1:0291,drive,noun,NGSL_1_2_CORE,drive,387,RETAINED,lex:A1:drive
cefrj-a1:0292,along,adverb,NGSL_1_2_CORE,along,388,NEW,
cefrj-a1:0293,type,noun,NGSL_1_2_CORE,type,389,RETAINED,lex:A1:type
cefrj-a1:0294,eye,noun,NGSL_1_2_CORE,eye,391,RETAINED,lex:A1:eye
cefrj-a1:0295,music,noun,NGSL_1_2_CORE,music,392,RETAINED,lex:A1:music
cefrj-a1:0296,game,noun,NGSL_1_2_CORE,game,393,RETAINED,lex:A1:game
cefrj-a1:0297,free,adjective,NGSL_1_2_CORE,free,395,RETAINED,lex:A1:free
cefrj-a1:0298,moment,noun,NGSL_1_2_CORE,moment,397,RETAINED,lex:A1:moment
cefrj-a1:0299,sale,noun,NGSL_1_2_CORE,sale,398,NEW,
cefrj-a1:0300,body,noun,NGSL_1_2_CORE,body,401,RETAINED,lex:A1:body
cefrj-a1:0301,wait,verb,NGSL_1_2_CORE,wait,403,RETAINED,lex:A1:wait
cefrj-a1:0302,team,noun,NGSL_1_2_CORE,team,407,RETAINED,lex:A1:team
cefrj-a1:0303,easy,adjective,NGSL_1_2_CORE,easy,408,RETAINED,lex:A1:easy
cefrj-a1:0304,full,adjective,NGSL_1_2_CORE,full,410,RETAINED,lex:A1:full
cefrj-a1:0305,black,adjective|noun,NGSL_1_2_CORE,black,411,RETAINED,lex:A1:black
cefrj-a1:0306,add,verb,NGSL_1_2_CORE,add,414,RETAINED,lex:A1:add
cefrj-a1:0307,rule,noun,NGSL_1_2_CORE,rule,415,RETAINED,lex:A1:rule
cefrj-a1:0308,sell,verb,NGSL_1_2_CORE,sell,418,RETAINED,lex:A1:sell
cefrj-a1:0309,short,adjective|adverb,NGSL_1_2_CORE,short,419,RETAINED,lex:A1:short
cefrj-a1:0310,agree,verb,NGSL_1_2_CORE,agree,420,RETAINED,lex:A1:agree
cefrj-a1:0311,everything,pronoun,NGSL_1_2_CORE,everything,422,RETAINED,lex:A1:everything
cefrj-a1:0312,cover,noun,NGSL_1_2_CORE,cover,424,NEW,
cefrj-a1:0313,paper,noun,NGSL_1_2_CORE,paper,425,RETAINED,lex:A1:paper
cefrj-a1:0314,near,preposition,NGSL_1_2_CORE,near,427,RETAINED,lex:A1:near
cefrj-a1:0315,computer,noun,NGSL_1_2_CORE,computer,429,RETAINED,lex:A1:computer
cefrj-a1:0316,activity,noun,NGSL_1_2_CORE,activity,432,RETAINED,lex:A1:activity
cefrj-a1:0317,morning,noun,NGSL_1_2_CORE,morning,434,RETAINED,lex:A1:morning
cefrj-a1:0318,war,noun,NGSL_1_2_CORE,war,435,NEW,
cefrj-a1:0319,shop,noun,NGSL_1_2_CORE,shop,437,RETAINED,lex:A1:shop
cefrj-a1:0320,someone,pronoun,NGSL_1_2_CORE,someone,439,RETAINED,lex:A1:someone
cefrj-a1:0321,above,adverb|preposition,NGSL_1_2_CORE,above,440,RETAINED,lex:A1:above
cefrj-a1:0322,design,noun,NGSL_1_2_CORE,design,441,RETAINED,lex:A1:design
cefrj-a1:0323,event,noun,NGSL_1_2_CORE,event,442,RETAINED,lex:A1:event
cefrj-a1:0324,special,adjective,NGSL_1_2_CORE,special,443,RETAINED,lex:A1:special
cefrj-a1:0325,carry,verb,NGSL_1_2_CORE,carry,446,RETAINED,lex:A1:carry
cefrj-a1:0326,choose,verb,NGSL_1_2_CORE,choose,447,RETAINED,lex:A1:choose
cefrj-a1:0327,father,noun,NGSL_1_2_CORE,father,448,RETAINED,lex:A1:father
cefrj-a1:0328,table,noun,NGSL_1_2_CORE,table,450,RETAINED,lex:A1:table
cefrj-a1:0329,bear,noun,NGSL_1_2_CORE,bear,455,NEW,
cefrj-a1:0330,cut,verb,NGSL_1_2_CORE,cut,456,RETAINED,lex:A1:cut
cefrj-a1:0331,describe,verb,NGSL_1_2_CORE,describe,457,RETAINED,lex:A1:describe
cefrj-a1:0332,strong,adjective,NGSL_1_2_CORE,strong,461,RETAINED,lex:A1:strong
cefrj-a1:0333,girl,noun,NGSL_1_2_CORE,girl,463,RETAINED,lex:A1:girl
cefrj-a1:0334,maybe,adverb,NGSL_1_2_CORE,maybe,464,RETAINED,lex:A1:maybe
cefrj-a1:0335,else,adverb,NGSL_1_2_CORE,else,466,RETAINED,lex:A1:else
cefrj-a1:0336,role,noun,NGSL_1_2_CORE,role,468,NEW,
cefrj-a1:0337,join,verb,NGSL_1_2_CORE,join,469,RETAINED,lex:A1:join
cefrj-a1:0338,difficult,adjective,NGSL_1_2_CORE,difficult,470,RETAINED,lex:A1:difficult
cefrj-a1:0339,please,adverb,NGSL_1_2_CORE,please,471,RETAINED,lex:A1:please
cefrj-a1:0340,difference,noun,NGSL_1_2_CORE,difference,473,RETAINED,lex:A1:difference
cefrj-a1:0341,action,noun,NGSL_1_2_CORE,action,474,RETAINED,lex:A1:action
cefrj-a1:0342,health,noun,NGSL_1_2_CORE,health,475,RETAINED,lex:A1:health
cefrj-a1:0343,eat,verb,NGSL_1_2_CORE,eat,476,RETAINED,lex:A1:eat
cefrj-a1:0344,step,verb,NGSL_1_2_CORE,step,477,NEW,
cefrj-a1:0345,true,adjective,NGSL_1_2_CORE,true,478,RETAINED,lex:A1:true
cefrj-a1:0346,phone,noun|verb,NGSL_1_2_CORE,phone,479,RETAINED,lex:A1:phone
cefrj-a1:0347,draw,verb,NGSL_1_2_CORE,draw,481,RETAINED,lex:A1:draw
cefrj-a1:0348,white,adjective|noun,NGSL_1_2_CORE,white,482,RETAINED,lex:A1:white
cefrj-a1:0349,date,noun,NGSL_1_2_CORE,date,483,RETAINED,lex:A1:date
cefrj-a1:0350,practice,noun,NGSL_1_2_CORE,practice,484,RETAINED,lex:A1:practice|lex:A1:practise
cefrj-a1:0351,practice/practise,verb,NGSL_1_2_CORE,practice,484,RETAINED,lex:A1:practice|lex:A1:practise
cefrj-a1:0352,front,adjective,NGSL_1_2_CORE,front,488,RETAINED,lex:A1:front
cefrj-a1:0353,door,noun,NGSL_1_2_CORE,door,490,RETAINED,lex:A1:door
cefrj-a1:0354,outside,adverb,NGSL_1_2_CORE,outside,491,RETAINED,lex:A1:outside
cefrj-a1:0355,behind,adverb|preposition,NGSL_1_2_CORE,behind,492,RETAINED,lex:A1:behind
cefrj-a1:0356,site,noun,NGSL_1_2_CORE,site,494,NEW,
cefrj-a1:0357,teacher,noun,NGSL_1_2_CORE,teacher,496,RETAINED,lex:A1:teacher
cefrj-a1:0358,sign,noun,NGSL_1_2_CORE,sign,500,NEW,
cefrj-a1:0359,travel,verb,NGSL_1_2_CORE,travel,503,RETAINED,lex:A1:travel
cefrj-a1:0360,enjoy,verb,NGSL_1_2_CORE,enjoy,504,RETAINED,lex:A1:enjoy
cefrj-a1:0361,nice,adjective,NGSL_1_2_CORE,nice,506,RETAINED,lex:A1:nice
cefrj-a1:0362,picture,noun,NGSL_1_2_CORE,picture,509,RETAINED,lex:A1:picture
cefrj-a1:0363,boy,noun,NGSL_1_2_CORE,boy,510,RETAINED,lex:A1:boy
cefrj-a1:0364,happy,adjective,NGSL_1_2_CORE,happy,513,RETAINED,lex:A1:happy
cefrj-a1:0365,list,noun,NGSL_1_2_CORE,list,523,RETAINED,lex:A1:list
cefrj-a1:0366,wish,noun,NGSL_1_2_CORE,wish,524,NEW,
cefrj-a1:0367,wear,verb,NGSL_1_2_CORE,wear,526,RETAINED,lex:A1:wear
cefrj-a1:0368,kid,noun,NGSL_1_2_CORE,kid,529,NEW,
cefrj-a1:0369,kill,verb,NGSL_1_2_CORE,kill,533,NEW,
cefrj-a1:0370,teach,verb,NGSL_1_2_CORE,teach,539,RETAINED,lex:A1:teach
cefrj-a1:0371,field,noun,NGSL_1_2_CORE,field,540,NEW,
cefrj-a1:0372,news,noun,NGSL_1_2_CORE,news,546,RETAINED,lex:A1:news
cefrj-a1:0373,vote,noun,NGSL_1_2_CORE,vote,548,NEW,
cefrj-a1:0374,focus,verb,NGSL_1_2_CORE,focus,550,NEW,
cefrj-a1:0375,stage,noun,NGSL_1_2_CORE,stage,551,NEW,
cefrj-a1:0376,usually,adverb,NGSL_1_2_CORE,usually,555,RETAINED,lex:A1:usually
cefrj-a1:0377,address,noun,NGSL_1_2_CORE,address,558,RETAINED,lex:A1:address
cefrj-a1:0378,technology,noun,NGSL_1_2_CORE,technology,563,NEW,
cefrj-a1:0379,save,verb,NGSL_1_2_CORE,save,566,NEW,
cefrj-a1:0380,culture,noun,NGSL_1_2_CORE,culture,568,RETAINED,lex:A1:culture
cefrj-a1:0381,listen,verb,NGSL_1_2_CORE,listen,573,RETAINED,lex:A1:listen
cefrj-a1:0382,due,adjective,NGSL_1_2_CORE,due,574,NEW,
cefrj-a1:0383,wrong,adjective,NGSL_1_2_CORE,wrong,575,RETAINED,lex:A1:wrong
cefrj-a1:0384,check,noun,NGSL_1_2_CORE,check,580,RETAINED,lex:A1:check
cefrj-a1:0385,pick,verb,NGSL_1_2_CORE,pick,583,NEW,
cefrj-a1:0386,personal,adjective,NGSL_1_2_CORE,personal,585,RETAINED,lex:A1:personal
cefrj-a1:0387,ground,noun,NGSL_1_2_CORE,ground,586,NEW,
cefrj-a1:0388,animal,noun,NGSL_1_2_CORE,animal,587,RETAINED,lex:A1:animal
cefrj-a1:0389,arrive,verb,NGSL_1_2_CORE,arrive,588,RETAINED,lex:A1:arrive
cefrj-a1:0390,fight,noun,NGSL_1_2_CORE,fight,595,NEW,
cefrj-a1:0391,leader,noun,NGSL_1_2_CORE,leader,596,NEW,
cefrj-a1:0392,fine,adjective,NGSL_1_2_CORE,fine,597,RETAINED,lex:A1:fine
cefrj-a1:0393,street,noun,NGSL_1_2_CORE,street,598,RETAINED,lex:A1:street
cefrj-a1:0394,wife,noun,NGSL_1_2_CORE,wife,602,RETAINED,lex:A1:wife
cefrj-a1:0395,sport,noun,NGSL_1_2_CORE,sport,603,RETAINED,lex:A1:sport
cefrj-a1:0396,discuss,verb,NGSL_1_2_CORE,discuss,605,RETAINED,lex:A1:discuss
cefrj-a1:0397,piece,noun,NGSL_1_2_CORE,piece,608,RETAINED,lex:A1:piece
cefrj-a1:0398,finish,noun|verb,NGSL_1_2_CORE,finish,609,RETAINED,lex:A1:finish
cefrj-a1:0399,fire,noun,NGSL_1_2_CORE,fire,613,RETAINED,lex:A1:fire
cefrj-a1:0400,store,noun,NGSL_1_2_CORE,store,617,NEW,
cefrj-a1:0401,poor,adjective,NGSL_1_2_CORE,poor,618,RETAINED,lex:A1:poor
cefrj-a1:0402,laugh,verb,NGSL_1_2_CORE,laugh,620,RETAINED,lex:A1:laugh
cefrj-a1:0403,arm,noun,NGSL_1_2_CORE,arm,621,RETAINED,lex:A1:arm
cefrj-a1:0404,heart,noun,NGSL_1_2_CORE,heart,622,NEW,
cefrj-a1:0405,bank,noun,NGSL_1_2_CORE,bank,627,RETAINED,lex:A1:bank-money
cefrj-a1:0406,article,noun,NGSL_1_2_CORE,article,630,RETAINED,lex:A1:article
cefrj-a1:0407,fast,adjective|adverb,NGSL_1_2_CORE,fast,631,RETAINED,lex:A1:fast
cefrj-a1:0408,foreign,adjective,NGSL_1_2_CORE,foreign,633,NEW,
cefrj-a1:0409,surprise,noun,NGSL_1_2_CORE,surprise,634,NEW,
cefrj-a1:0410,pretty,adjective,NGSL_1_2_CORE,pretty,637,RETAINED,lex:A1:pretty
cefrj-a1:0411,drop,verb,NGSL_1_2_CORE,drop,640,NEW,
cefrj-a1:0412,miss,verb,NGSL_1_2_CORE,miss,645,RETAINED,lex:A1:miss
cefrj-a1:0413,Miss,noun,NGSL_1_2_CORE,miss,645,RETAINED,lex:A1:miss
cefrj-a1:0414,art,noun,NGSL_1_2_CORE,art,646,RETAINED,lex:A1:art
cefrj-a1:0415,everyone,pronoun,NGSL_1_2_CORE,everyone,650,RETAINED,lex:A1:everyone
cefrj-a1:0416,forget,verb,NGSL_1_2_CORE,forget,651,RETAINED,lex:A1:forget
cefrj-a1:0417,page,noun,NGSL_1_2_CORE,page,652,RETAINED,lex:A1:page
cefrj-a1:0418,worry,noun,NGSL_1_2_CORE,worry,653,NEW,
cefrj-a1:0419,summer,noun,NGSL_1_2_CORE,summer,654,RETAINED,lex:A1:summer
cefrj-a1:0420,drink,noun|verb,NGSL_1_2_CORE,drink,655,RETAINED,lex:A1:drink
cefrj-a1:0421,park,noun,NGSL_1_2_CORE,park,657,RETAINED,lex:A1:park
cefrj-a1:0422,key,adjective|noun,NGSL_1_2_CORE,key,659,RETAINED,lex:A1:key
cefrj-a1:0423,inside,preposition,NGSL_1_2_CORE,inside,660,NEW,
cefrj-a1:0424,section,noun,NGSL_1_2_CORE,section,668,RETAINED,lex:A1:section
cefrj-a1:0425,paint,noun|verb,NGSL_1_2_CORE,paint,672,RETAINED,lex:A1:paint
cefrj-a1:0426,worker,noun,NGSL_1_2_CORE,worker,673,RETAINED,lex:A1:worker
cefrj-a1:0427,evening,noun,NGSL_1_2_CORE,evening,679,RETAINED,lex:A1:evening
cefrj-a1:0428,catch,noun|verb,NGSL_1_2_CORE,catch,683,NEW,
cefrj-a1:0429,skill,noun,NGSL_1_2_CORE,skill,685,RETAINED,lex:A1:skill
cefrj-a1:0430,son,noun,NGSL_1_2_CORE,son,687,RETAINED,lex:A1:son
cefrj-a1:0431,character,noun,NGSL_1_2_CORE,character,693,NEW,
cefrj-a1:0432,bed,noun,NGSL_1_2_CORE,bed,694,RETAINED,lex:A1:bed
cefrj-a1:0433,guy,noun,NGSL_1_2_CORE,guy,701,NEW,
cefrj-a1:0434,yesterday,adverb,NGSL_1_2_CORE,yesterday,703,RETAINED,lex:A1:yesterday
cefrj-a1:0435,size,noun,NGSL_1_2_CORE,size,705,NEW,
cefrj-a1:0436,station,noun,NGSL_1_2_CORE,station,709,RETAINED,lex:A1:station
cefrj-a1:0437,player,noun,NGSL_1_2_CORE,player,715,RETAINED,lex:A1:player
cefrj-a1:0438,alone,adverb,NGSL_1_2_CORE,alone,719,NEW,
cefrj-a1:0439,wall,noun,NGSL_1_2_CORE,wall,722,RETAINED,lex:A1:wall
cefrj-a1:0440,tomorrow,adverb|noun,NGSL_1_2_CORE,tomorrow,726,RETAINED,lex:A1:tomorrow
cefrj-a1:0441,review,noun,NGSL_1_2_CORE,review,730,NEW,
cefrj-a1:0442,window,noun,NGSL_1_2_CORE,window,734,RETAINED,lex:A1:window
cefrj-a1:0443,tree,noun,NGSL_1_2_CORE,tree,738,RETAINED,lex:A1:tree
cefrj-a1:0444,college,noun,NGSL_1_2_CORE,college,739,RETAINED,lex:A1:college
cefrj-a1:0445,board,noun,NGSL_1_2_CORE,board,741,NEW,
cefrj-a1:0446,holiday,noun,NGSL_1_2_CORE,holiday,742,RETAINED,lex:A1:holiday
cefrj-a1:0447,church,noun,NGSL_1_2_CORE,church,744,NEW,
cefrj-a1:0448,machine,noun,NGSL_1_2_CORE,machine,745,RETAINED,lex:A1:machine
cefrj-a1:0449,item,noun,NGSL_1_2_CORE,item,747,NEW,
cefrj-a1:0450,floor,noun,NGSL_1_2_CORE,floor,751,RETAINED,lex:A1:floor
cefrj-a1:0451,anyone,pronoun,NGSL_1_2_CORE,anyone,754,RETAINED,lex:A1:anyone
cefrj-a1:0452,hotel,noun,NGSL_1_2_CORE,hotel,759,RETAINED,lex:A1:hotel
cefrj-a1:0453,club,noun,NGSL_1_2_CORE,club,760,RETAINED,lex:A1:club
cefrj-a1:0454,below,adverb|preposition,NGSL_1_2_CORE,below,761,RETAINED,lex:A1:below
cefrj-a1:0455,movie,noun,NGSL_1_2_CORE,movie,762,RETAINED,lex:A1:movie
cefrj-a1:0456,doctor/Dr./Dr,noun,NGSL_1_2_CORE,doctor,763,RETAINED,lex:A1:doctor
cefrj-a1:0457,sorry,adjective,NGSL_1_2_CORE,sorry,765,RETAINED,lex:A1:sorry
cefrj-a1:0458,introduce,verb,NGSL_1_2_CORE,introduce,772,RETAINED,lex:A1:introduce
cefrj-a1:0459,ready,adjective,NGSL_1_2_CORE,ready,774,RETAINED,lex:A1:ready
cefrj-a1:0460,card,noun,NGSL_1_2_CORE,card,781,RETAINED,lex:A1:card
cefrj-a1:0461,hospital,noun,NGSL_1_2_CORE,hospital,782,RETAINED,lex:A1:hospital
cefrj-a1:0462,quickly,adverb,NGSL_1_2_CORE,quickly,783,RETAINED,lex:A1:quickly
cefrj-a1:0463,interview,noun,NGSL_1_2_CORE,interview,784,RETAINED,lex:A1:interview
cefrj-a1:0464,beautiful,adjective,NGSL_1_2_CORE,beautiful,792,RETAINED,lex:A1:beautiful
cefrj-a1:0465,television,noun,NGSL_1_2_CORE,television,795,RETAINED,lex:A1:television
cefrj-a1:0466,red,adjective,NGSL_1_2_CORE,red,800,RETAINED,lex:A1:red
cefrj-a1:0467,husband,noun,NGSL_1_2_CORE,husband,801,RETAINED,lex:A1:husband
cefrj-a1:0468,bus,noun,NGSL_1_2_CORE,bus,810,RETAINED,lex:A1:bus
cefrj-a1:0469,yourself,pronoun,NGSL_1_2_CORE,yourself,813,RETAINED,lex:A1:yourself
cefrj-a1:0470,brother,noun,NGSL_1_2_CORE,brother,821,RETAINED,lex:A1:brother
cefrj-a1:0471,trip,noun,NGSL_1_2_CORE,trip,825,RETAINED,lex:A1:trip
cefrj-a1:0472,sleep,verb,NGSL_1_2_CORE,sleep,827,RETAINED,lex:A1:sleep
cefrj-a1:0473,fish,noun,NGSL_1_2_CORE,fish,828,RETAINED,lex:A1:fish
cefrj-a1:0474,touch,noun,NGSL_1_2_CORE,touch,834,NEW,
cefrj-a1:0475,file,noun,NGSL_1_2_CORE,file,835,NEW,
cefrj-a1:0476,middle,adjective,NGSL_1_2_CORE,middle,836,NEW,
cefrj-a1:0477,bar,noun,NGSL_1_2_CORE,bar,837,NEW,
cefrj-a1:0478,clean,adjective|verb,NGSL_1_2_CORE,clean,842,RETAINED,lex:A1:clean
cefrj-a1:0479,fill,verb,NGSL_1_2_CORE,fill,845,RETAINED,lex:A1:fill
cefrj-a1:0480,star,noun,NGSL_1_2_CORE,star,846,RETAINED,lex:A1:star
cefrj-a1:0481,match,noun,NGSL_1_2_CORE,match,850,RETAINED,lex:A1:match-contest-correspond
cefrj-a1:0482,seat,noun,NGSL_1_2_CORE,seat,852,NEW,
cefrj-a1:0483,throw,noun,NGSL_1_2_CORE,throw,853,NEW,
cefrj-a1:0484,goal,noun,NGSL_1_2_CORE,goal,856,NEW,
cefrj-a1:0485,blue,adjective|noun,NGSL_1_2_CORE,blue,858,RETAINED,lex:A1:blue
cefrj-a1:0486,box,noun,NGSL_1_2_CORE,box,861,RETAINED,lex:A1:box
cefrj-a1:0487,message,noun,NGSL_1_2_CORE,message,863,RETAINED,lex:A1:message
cefrj-a1:0488,cold,adjective|noun,NGSL_1_2_CORE,cold,867,RETAINED,lex:A1:cold
cefrj-a1:0489,push,verb,NGSL_1_2_CORE,push,868,NEW,
cefrj-a1:0490,quarter,noun,NGSL_1_2_CORE,quarter,869,RETAINED,lex:A1:quarter
cefrj-a1:0491,baby,noun,NGSL_1_2_CORE,baby,871,RETAINED,lex:A1:baby
cefrj-a1:0492,successful,adjective,NGSL_1_2_CORE,successful,872,NEW,
cefrj-a1:0493,sing,verb,NGSL_1_2_CORE,sing,873,RETAINED,lex:A1:sing
cefrj-a1:0494,fly,noun|verb,NGSL_1_2_CORE,fly,881,RETAINED,lex:A1:fly
cefrj-a1:0495,hot,adjective,NGSL_1_2_CORE,hot,885,RETAINED,lex:A1:hot
cefrj-a1:0496,speech,noun,NGSL_1_2_CORE,speech,894,NEW,
cefrj-a1:0497,dog,noun,NGSL_1_2_CORE,dog,895,RETAINED,lex:A1:dog
cefrj-a1:0498,officer,noun,NGSL_1_2_CORE,officer,896,NEW,
cefrj-a1:0499,dress,noun,NGSL_1_2_CORE,dress,899,RETAINED,lex:A1:dress
cefrj-a1:0500,guess,verb,NGSL_1_2_CORE,guess,901,RETAINED,lex:A1:guess
cefrj-a1:0501,fun,adjective|noun,NGSL_1_2_CORE,fun,902,RETAINED,lex:A1:fun
cefrj-a1:0502,science,noun,NGSL_1_2_CORE,science,905,RETAINED,lex:A1:science
cefrj-a1:0503,hair,noun,NGSL_1_2_CORE,hair,913,RETAINED,lex:A1:hair
cefrj-a1:0504,exercise,verb,NGSL_1_2_CORE,exercise,917,RETAINED,lex:A1:exercise
cefrj-a1:0505,restaurant,noun,NGSL_1_2_CORE,restaurant,919,RETAINED,lex:A1:restaurant
cefrj-a1:0506,dark,adjective,NGSL_1_2_CORE,dark,923,RETAINED,lex:A1:dark
cefrj-a1:0507,imagine,verb,NGSL_1_2_CORE,imagine,924,RETAINED,lex:A1:imagine
cefrj-a1:0508,OK/okay,adjective|adverb,NGSL_1_2_CORE,okay,925,RETAINED,lex:A1:ok
cefrj-a1:0509,daughter,noun,NGSL_1_2_CORE,daughter,927,RETAINED,lex:A1:daughter
cefrj-a1:0510,post,noun,NGSL_1_2_CORE,post,928,RETAINED,lex:A1:post
cefrj-a1:0511,newspaper,noun,NGSL_1_2_CORE,newspaper,929,RETAINED,lex:A1:newspaper
cefrj-a1:0512,clock,noun,NGSL_1_2_CORE,clock,932,RETAINED,lex:A1:clock
cefrj-a1:0513,everybody,pronoun,NGSL_1_2_CORE,everybody,933,RETAINED,lex:A1:everybody
cefrj-a1:0514,weekend,noun,NGSL_1_2_CORE,weekend,934,RETAINED,lex:A1:weekend
cefrj-a1:0515,mine,pronoun,NGSL_1_2_CORE,mine,937,NEW,
cefrj-a1:0516,memory,noun,NGSL_1_2_CORE,memory,939,NEW,
cefrj-a1:0517,green,adjective,NGSL_1_2_CORE,green,940,RETAINED,lex:A1:green
cefrj-a1:0518,song,noun,NGSL_1_2_CORE,song,941,RETAINED,lex:A1:song
cefrj-a1:0519,ring,verb,NGSL_1_2_CORE,ring,945,NEW,
cefrj-a1:0520,afternoon,noun,NGSL_1_2_CORE,afternoon,948,RETAINED,lex:A1:afternoon
cefrj-a1:0521,clothes,noun,NGSL_1_2_CORE,clothes,956,RETAINED,lex:A1:clothes
cefrj-a1:0522,dance,noun|verb,NGSL_1_2_CORE,dance,959,RETAINED,lex:A1:dance
cefrj-a1:0523,sister,noun,NGSL_1_2_CORE,sister,964,RETAINED,lex:A1:sister
cefrj-a1:0524,dream,noun,NGSL_1_2_CORE,dream,966,NEW,
cefrj-a1:0525,dollar,noun,NGSL_1_2_CORE,dollar,971,RETAINED,lex:A1:dollar
cefrj-a1:0526,garden,noun,NGSL_1_2_CORE,garden,972,RETAINED,lex:A1:garden
cefrj-a1:0527,conversation,noun,NGSL_1_2_CORE,conversation,982,RETAINED,lex:A1:conversation
cefrj-a1:0528,magazine,noun,NGSL_1_2_CORE,magazine,985,RETAINED,lex:A1:magazine
cefrj-a1:0529,sea,noun,NGSL_1_2_CORE,sea,987,RETAINED,lex:A1:sea
cefrj-a1:0530,welcome,interjection|verb,NGSL_1_2_CORE,welcome,989,RETAINED,lex:A1:welcome
cefrj-a1:0531,smile,noun,NGSL_1_2_CORE,smile,990,NEW,
cefrj-a1:0532,judge,verb,NGSL_1_2_CORE,judge,995,NEW,
cefrj-a1:0533,favorite/favourite,adjective|noun,NGSL_1_2_CORE,favorite,1000,RETAINED,lex:A1:favourite
cefrj-a1:0534,survey,noun,NGSL_1_2_CORE,survey,1008,NEW,
cefrj-a1:0535,rich,adjective,NGSL_1_2_CORE,rich,1012,RETAINED,lex:A1:rich
cefrj-a1:0536,wind,noun,NGSL_1_2_CORE,wind,1013,NEW,
cefrj-a1:0537,famous,adjective,NGSL_1_2_CORE,famous,1017,RETAINED,lex:A1:famous
cefrj-a1:0538,block,noun,NGSL_1_2_CORE,block,1020,NEW,
cefrj-a1:0539,warm,adjective,NGSL_1_2_CORE,warm,1021,RETAINED,lex:A1:warm
cefrj-a1:0540,writer,noun,NGSL_1_2_CORE,writer,1024,RETAINED,lex:A1:writer
cefrj-a1:0541,correct,adjective,NGSL_1_2_CORE,correct,1032,RETAINED,lex:A1:correct
cefrj-a1:0542,telephone,noun,NGSL_1_2_CORE,telephone,1036,RETAINED,lex:A1:telephone
cefrj-a1:0543,copy,noun,NGSL_1_2_CORE,copy,1037,NEW,
cefrj-a1:0544,glass,noun,NGSL_1_2_CORE,glass,1042,RETAINED,lex:A1:glass
cefrj-a1:0545,radio,noun,NGSL_1_2_CORE,radio,1045,RETAINED,lex:A1:radio
cefrj-a1:0546,ride,noun|verb,NGSL_1_2_CORE,ride,1050,RETAINED,lex:A1:ride
cefrj-a1:0547,heavy,adjective,NGSL_1_2_CORE,heavy,1052,NEW,
cefrj-a1:0548,chair,noun,NGSL_1_2_CORE,chair,1060,RETAINED,lex:A1:chair
cefrj-a1:0549,expensive,adjective,NGSL_1_2_CORE,expensive,1061,RETAINED,lex:A1:expensive
cefrj-a1:0550,video,noun,NGSL_1_2_CORE,video,1065,RETAINED,lex:A1:video
cefrj-a1:0551,weather,noun,NGSL_1_2_CORE,weather,1068,RETAINED,lex:A1:weather
cefrj-a1:0552,collect,verb,NGSL_1_2_CORE,collect,1069,NEW,
cefrj-a1:0553,straight,adverb,NGSL_1_2_CORE,straight,1072,NEW,
cefrj-a1:0554,wonderful,adjective,NGSL_1_2_CORE,wonderful,1076,RETAINED,lex:A1:wonderful
cefrj-a1:0555,flat,noun,NGSL_1_2_CORE,flat,1077,RETAINED,lex:A1:flat
cefrj-a1:0556,fair,adjective,NGSL_1_2_CORE,fair,1080,NEW,
cefrj-a1:0557,farm,noun,NGSL_1_2_CORE,farm,1083,RETAINED,lex:A1:farm
cefrj-a1:0558,collection,noun,NGSL_1_2_CORE,collection,1084,NEW,
cefrj-a1:0559,band,noun,NGSL_1_2_CORE,band,1087,RETAINED,lex:A1:band
cefrj-a1:0560,pair,noun,NGSL_1_2_CORE,pair,1092,RETAINED,lex:A1:pair
cefrj-a1:0561,ship,noun,NGSL_1_2_CORE,ship,1093,NEW,
cefrj-a1:0562,leg,noun,NGSL_1_2_CORE,leg,1097,RETAINED,lex:A1:leg
cefrj-a1:0563,sentence,noun,NGSL_1_2_CORE,sentence,1099,RETAINED,lex:A1:sentence
cefrj-a1:0564,dinner,noun,NGSL_1_2_CORE,dinner,1117,RETAINED,lex:A1:dinner
cefrj-a1:0565,slow,adjective,NGSL_1_2_CORE,slow,1118,RETAINED,lex:A1:slow
cefrj-a1:0566,peace,noun,NGSL_1_2_CORE,peace,1126,NEW,
cefrj-a1:0567,dry,adjective,NGSL_1_2_CORE,dry,1135,NEW,
cefrj-a1:0568,partner,noun,NGSL_1_2_CORE,partner,1136,RETAINED,lex:A1:partner
cefrj-a1:0569,spot,noun,NGSL_1_2_CORE,spot,1138,NEW,
cefrj-a1:0570,horse,noun,NGSL_1_2_CORE,horse,1139,RETAINED,lex:A1:horse
cefrj-a1:0571,reader,noun,NGSL_1_2_CORE,reader,1143,RETAINED,lex:A1:reader
cefrj-a1:0572,taxi,noun,NGSL_1_2_CORE,taxi,1148,RETAINED,lex:A1:taxi
cefrj-a1:0573,feed,noun,NGSL_1_2_CORE,feed,1149,NEW,
cefrj-a1:0574,cool,adjective,NGSL_1_2_CORE,cool,1156,RETAINED,lex:A1:cool
cefrj-a1:0575,library,noun,NGSL_1_2_CORE,library,1162,RETAINED,lex:A1:library
cefrj-a1:0576,excellent,adjective,NGSL_1_2_CORE,excellent,1163,NEW,
cefrj-a1:0577,camp,noun,NGSL_1_2_CORE,camp,1165,NEW,
cefrj-a1:0578,email/e-mail/E-mail,noun,NGSL_1_2_CORE,email,1169,RETAINED,lex:A1:email
cefrj-a1:0579,river,noun,NGSL_1_2_CORE,river,1176,RETAINED,lex:A1:river
cefrj-a1:0580,corner,noun,NGSL_1_2_CORE,corner,1188,NEW,
cefrj-a1:0581,cook,noun|verb,NGSL_1_2_CORE,cook,1196,RETAINED,lex:A1:cook
cefrj-a1:0582,driver,noun,NGSL_1_2_CORE,driver,1200,RETAINED,lex:A1:driver
cefrj-a1:0583,ball,noun,NGSL_1_2_CORE,ball,1201,RETAINED,lex:A1:ball
cefrj-a1:0584,cry,noun,NGSL_1_2_CORE,cry,1202,NEW,
cefrj-a1:0585,photo,noun,NGSL_1_2_CORE,photo,1208,RETAINED,lex:A1:photo
cefrj-a1:0586,map,noun,NGSL_1_2_CORE,map,1212,RETAINED,lex:A1:map
cefrj-a1:0587,island,noun,NGSL_1_2_CORE,island,1214,RETAINED,lex:A1:island
cefrj-a1:0588,football,noun,NGSL_1_2_CORE,football,1217,RETAINED,lex:A1:football
cefrj-a1:0589,left,adjective,NGSL_1_2_CORE,left,1220,RETAINED,lex:A1:left
cefrj-a1:0590,solve,verb,NGSL_1_2_CORE,solve,1221,NEW,
cefrj-a1:0591,neighbor/neighbour,noun,NGSL_1_2_CORE,neighbor,1222,RETAINED,lex:A1:neighbour
cefrj-a1:0592,tool,noun,NGSL_1_2_CORE,tool,1227,NEW,
cefrj-a1:0593,smoke,noun,NGSL_1_2_CORE,smoke,1230,NEW,
cefrj-a1:0594,rain,noun|verb,NGSL_1_2_CORE,rain,1232,RETAINED,lex:A1:rain
cefrj-a1:0595,busy,adjective,NGSL_1_2_CORE,busy,1233,RETAINED,lex:A1:busy
cefrj-a1:0596,lesson,noun,NGSL_1_2_CORE,lesson,1234,RETAINED,lex:A1:lesson
cefrj-a1:0597,brain,noun,NGSL_1_2_CORE,brain,1235,NEW,
cefrj-a1:0598,funny,adjective,NGSL_1_2_CORE,funny,1237,RETAINED,lex:A1:funny
cefrj-a1:0599,bottom,noun,NGSL_1_2_CORE,bottom,1242,NEW,
cefrj-a1:0600,mountain,noun,NGSL_1_2_CORE,mountain,1245,RETAINED,lex:A1:mountain
cefrj-a1:0601,hide,verb,NGSL_1_2_CORE,hide,1247,NEW,
cefrj-a1:0602,ticket,noun,NGSL_1_2_CORE,ticket,1249,RETAINED,lex:A1:ticket
cefrj-a1:0603,meal,noun,NGSL_1_2_CORE,meal,1250,RETAINED,lex:A1:meal
cefrj-a1:0604,bag,noun,NGSL_1_2_CORE,bag,1252,RETAINED,lex:A1:bag
cefrj-a1:0605,repeat,verb,NGSL_1_2_CORE,repeat,1253,RETAINED,lex:A1:repeat
cefrj-a1:0606,owner,noun,NGSL_1_2_CORE,owner,1258,NEW,
cefrj-a1:0607,plane,noun,NGSL_1_2_CORE,plane,1259,RETAINED,lex:A1:plane
cefrj-a1:0608,lady,noun,NGSL_1_2_CORE,lady,1261,NEW,
cefrj-a1:0609,bird,noun,NGSL_1_2_CORE,bird,1271,RETAINED,lex:A1:bird
cefrj-a1:0610,pleasure,noun,NGSL_1_2_CORE,pleasure,1283,NEW,
cefrj-a1:0611,suggestion,noun,NGSL_1_2_CORE,suggestion,1284,NEW,
cefrj-a1:0612,pop,noun,NGSL_1_2_CORE,pop,1289,NEW,
cefrj-a1:0613,topic,noun,NGSL_1_2_CORE,topic,1296,RETAINED,lex:A1:topic
cefrj-a1:0614,beach,noun,NGSL_1_2_CORE,beach,1297,RETAINED,lex:A1:beach
cefrj-a1:0615,flower,noun,NGSL_1_2_CORE,flower,1301,RETAINED,lex:A1:flower
cefrj-a1:0616,boat,noun,NGSL_1_2_CORE,boat,1304,RETAINED,lex:A1:boat
cefrj-a1:0617,fan,noun,NGSL_1_2_CORE,fan,1306,NEW,
cefrj-a1:0618,kitchen,noun,NGSL_1_2_CORE,kitchen,1307,RETAINED,lex:A1:kitchen
cefrj-a1:0619,engineer,noun,NGSL_1_2_CORE,engineer,1312,NEW,
cefrj-a1:0620,quiet,adjective,NGSL_1_2_CORE,quiet,1313,RETAINED,lex:A1:quiet
cefrj-a1:0621,nurse,noun,NGSL_1_2_CORE,nurse,1315,RETAINED,lex:A1:nurse
cefrj-a1:0622,jump,verb,NGSL_1_2_CORE,jump,1324,NEW,
cefrj-a1:0623,winter,noun,NGSL_1_2_CORE,winter,1328,RETAINED,lex:A1:winter
cefrj-a1:0624,spring,noun,NGSL_1_2_CORE,spring,1332,RETAINED,lex:A1:spring
cefrj-a1:0625,lunch,noun,NGSL_1_2_CORE,lunch,1334,RETAINED,lex:A1:lunch
cefrj-a1:0626,pool,noun,NGSL_1_2_CORE,pool,1336,RETAINED,lex:A1:pool
cefrj-a1:0627,coach,noun,NGSL_1_2_CORE,coach,1342,NEW,
cefrj-a1:0628,strange,adjective,NGSL_1_2_CORE,strange,1345,NEW,
cefrj-a1:0629,code,noun,NGSL_1_2_CORE,code,1346,NEW,
cefrj-a1:0630,afraid,adjective,NGSL_1_2_CORE,afraid,1353,RETAINED,lex:A1:afraid
cefrj-a1:0631,sun,noun,NGSL_1_2_CORE,sun,1361,RETAINED,lex:A1:sun
cefrj-a1:0632,healthy,adjective,NGSL_1_2_CORE,healthy,1362,RETAINED,lex:A1:healthy
cefrj-a1:0633,blow,verb,NGSL_1_2_CORE,blow,1363,NEW,
cefrj-a1:0634,wash,noun|verb,NGSL_1_2_CORE,wash,1368,RETAINED,lex:A1:wash
cefrj-a1:0635,actor,noun,NGSL_1_2_CORE,actor,1369,RETAINED,lex:A1:actor
cefrj-a1:0636,glad,adjective,NGSL_1_2_CORE,glad,1370,NEW,
cefrj-a1:0637,stone,noun,NGSL_1_2_CORE,stone,1374,NEW,
cefrj-a1:0638,sum,noun,NGSL_1_2_CORE,sum,1375,NEW,
cefrj-a1:0639,egg,noun,NGSL_1_2_CORE,egg,1381,RETAINED,lex:A1:egg
cefrj-a1:0640,concert,noun,NGSL_1_2_CORE,concert,1382,RETAINED,lex:A1:concert
cefrj-a1:0641,carefully,adverb,NGSL_1_2_CORE,carefully,1386,NEW,
cefrj-a1:0642,camera,noun,NGSL_1_2_CORE,camera,1390,RETAINED,lex:A1:camera
cefrj-a1:0643,swim,noun|verb,NGSL_1_2_CORE,swim,1391,RETAINED,lex:A1:swim
cefrj-a1:0644,theater/theatre,noun,NGSL_1_2_CORE,theater,1393,RETAINED,lex:A1:theatre
cefrj-a1:0645,coffee,noun,NGSL_1_2_CORE,coffee,1395,RETAINED,lex:A1:coffee
cefrj-a1:0646,dear,adjective,NGSL_1_2_CORE,dear,1401,RETAINED,lex:A1:dear
cefrj-a1:0647,scientist,noun,NGSL_1_2_CORE,scientist,1409,RETAINED,lex:A1:scientist
cefrj-a1:0648,tonight,adverb,NGSL_1_2_CORE,tonight,1414,RETAINED,lex:A1:tonight
cefrj-a1:0649,hurt,verb,NGSL_1_2_CORE,hurt,1421,NEW,
cefrj-a1:0650,sight,noun,NGSL_1_2_CORE,sight,1425,NEW,
cefrj-a1:0651,gift,noun,NGSL_1_2_CORE,gift,1427,NEW,
cefrj-a1:0652,guest,noun,NGSL_1_2_CORE,guest,1430,NEW,
cefrj-a1:0653,anybody,pronoun,NGSL_1_2_CORE,anybody,1431,NEW,
cefrj-a1:0654,bedroom,noun,NGSL_1_2_CORE,bedroom,1432,RETAINED,lex:A1:bedroom
cefrj-a1:0655,climb,noun,NGSL_1_2_CORE,climb,1434,RETAINED,lex:A1:climb
cefrj-a1:0656,mouth,noun,NGSL_1_2_CORE,mouth,1439,RETAINED,lex:A1:mouth
cefrj-a1:0657,noise,noun,NGSL_1_2_CORE,noise,1440,NEW,
cefrj-a1:0658,gold,adjective,NGSL_1_2_CORE,gold,1453,NEW,
cefrj-a1:0659,shake,noun,NGSL_1_2_CORE,shake,1474,NEW,
cefrj-a1:0660,shoe,noun,NGSL_1_2_CORE,shoe,1476,RETAINED,lex:A1:shoe
cefrj-a1:0661,hall,noun,NGSL_1_2_CORE,hall,1480,NEW,
cefrj-a1:0662,cup,noun,NGSL_1_2_CORE,cup,1491,RETAINED,lex:A1:cup
cefrj-a1:0663,wake,noun,NGSL_1_2_CORE,wake,1508,RETAINED,lex:A1:wake
cefrj-a1:0664,bright,adjective,NGSL_1_2_CORE,bright,1510,NEW,
cefrj-a1:0665,hole,noun,NGSL_1_2_CORE,hole,1515,NEW,
cefrj-a1:0666,birth,noun,NGSL_1_2_CORE,birth,1526,NEW,
cefrj-a1:0667,factory,noun,NGSL_1_2_CORE,factory,1530,NEW,
cefrj-a1:0668,bridge,noun,NGSL_1_2_CORE,bridge,1546,NEW,
cefrj-a1:0669,ice,noun,NGSL_1_2_CORE,ice,1554,RETAINED,lex:A1:ice
cefrj-a1:0670,grade,noun,NGSL_1_2_CORE,grade,1559,NEW,
cefrj-a1:0671,farmer,noun,NGSL_1_2_CORE,farmer,1580,RETAINED,lex:A1:farmer
cefrj-a1:0672,desk,noun,NGSL_1_2_CORE,desk,1588,RETAINED,lex:A1:desk
cefrj-a1:0673,tea,noun,NGSL_1_2_CORE,tea,1599,RETAINED,lex:A1:tea
cefrj-a1:0674,lovely,adjective,NGSL_1_2_CORE,lovely,1600,NEW,
cefrj-a1:0675,row,noun,NGSL_1_2_CORE,row,1602,NEW,
cefrj-a1:0676,celebrate,verb,NGSL_1_2_CORE,celebrate,1608,NEW,
cefrj-a1:0677,shoulder,noun,NGSL_1_2_CORE,shoulder,1610,NEW,
cefrj-a1:0678,bottle,noun,NGSL_1_2_CORE,bottle,1614,RETAINED,lex:A1:bottle
cefrj-a1:0679,dad,noun,NGSL_1_2_CORE,dad,1632,RETAINED,lex:A1:dad
cefrj-a1:0680,careful,adjective,NGSL_1_2_CORE,careful,1637,NEW,
cefrj-a1:0681,fruit,noun,NGSL_1_2_CORE,fruit,1640,RETAINED,lex:A1:fruit
cefrj-a1:0682,mail,noun,NGSL_1_2_CORE,mail,1643,NEW,
cefrj-a1:0683,terrible,adjective,NGSL_1_2_CORE,terrible,1644,RETAINED,lex:A1:terrible
cefrj-a1:0684,fat,adjective,NGSL_1_2_CORE,fat,1654,RETAINED,lex:A1:fat
cefrj-a1:0685,ear,noun,NGSL_1_2_CORE,ear,1664,RETAINED,lex:A1:ear
cefrj-a1:0686,yard,noun,NGSL_1_2_CORE,yard,1667,NEW,
cefrj-a1:0687,hill,noun,NGSL_1_2_CORE,hill,1670,NEW,
cefrj-a1:0688,ideal,adjective,NGSL_1_2_CORE,ideal,1674,NEW,
cefrj-a1:0689,cat,noun,NGSL_1_2_CORE,cat,1678,RETAINED,lex:A1:cat
cefrj-a1:0690,kiss,noun,NGSL_1_2_CORE,kiss,1680,NEW,
cefrj-a1:0691,thin,adjective,NGSL_1_2_CORE,thin,1698,NEW,
cefrj-a1:0692,sad,adjective,NGSL_1_2_CORE,sad,1710,RETAINED,lex:A1:sad
cefrj-a1:0693,circle,noun,NGSL_1_2_CORE,circle,1712,NEW,
cefrj-a1:0694,sick,adjective,NGSL_1_2_CORE,sick,1716,RETAINED,lex:A1:sick
cefrj-a1:0695,sky,noun,NGSL_1_2_CORE,sky,1720,NEW,
cefrj-a1:0696,kick,noun|verb,NGSL_1_2_CORE,kick,1730,NEW,
cefrj-a1:0697,mobile,noun,NGSL_1_2_CORE,mobile,1738,NEW,
cefrj-a1:0698,everywhere,adverb,NGSL_1_2_CORE,everywhere,1744,NEW,
cefrj-a1:0699,hat,noun,NGSL_1_2_CORE,hat,1750,RETAINED,lex:A1:hat
cefrj-a1:0700,medicine,noun,NGSL_1_2_CORE,medicine,1761,NEW,
cefrj-a1:0701,sweet,adjective,NGSL_1_2_CORE,sweet,1781,NEW,
cefrj-a1:0702,tall,adjective,NGSL_1_2_CORE,tall,1785,RETAINED,lex:A1:tall
cefrj-a1:0703,milk,noun,NGSL_1_2_CORE,milk,1789,RETAINED,lex:A1:milk
cefrj-a1:0704,smell,noun,NGSL_1_2_CORE,smell,1791,NEW,
cefrj-a1:0705,angry,adjective,NGSL_1_2_CORE,angry,1813,RETAINED,lex:A1:angry
cefrj-a1:0706,breakfast,noun,NGSL_1_2_CORE,breakfast,1819,RETAINED,lex:A1:breakfast
cefrj-a1:0707,hi,interjection,NGSL_1_2_CORE,hi,1826,RETAINED,lex:A1:hi
cefrj-a1:0708,yellow,adjective|noun,NGSL_1_2_CORE,yellow,1827,RETAINED,lex:A1:yellow
cefrj-a1:0709,habit,noun,NGSL_1_2_CORE,habit,1828,NEW,
cefrj-a1:0710,self,noun,NGSL_1_2_CORE,self,1833,NEW,
cefrj-a1:0711,bone,noun,NGSL_1_2_CORE,bone,1836,NEW,
cefrj-a1:0712,gray/grey,adjective|noun,NGSL_1_2_CORE,gray,1849,RETAINED,lex:A1:grey
cefrj-a1:0713,coat,noun,NGSL_1_2_CORE,coat,1863,RETAINED,lex:A1:coat
cefrj-a1:0714,pocket,noun,NGSL_1_2_CORE,pocket,1865,NEW,
cefrj-a1:0715,lucky,adjective,NGSL_1_2_CORE,lucky,1866,NEW,
cefrj-a1:0716,meat,noun,NGSL_1_2_CORE,meat,1869,RETAINED,lex:A1:meat
cefrj-a1:0717,king,noun,NGSL_1_2_CORE,king,1876,NEW,
cefrj-a1:0718,borrow,verb,NGSL_1_2_CORE,borrow,1880,NEW,
cefrj-a1:0719,dish,noun,NGSL_1_2_CORE,dish,1882,RETAINED,lex:A1:dish
cefrj-a1:0720,reporter,noun,NGSL_1_2_CORE,reporter,1905,NEW,
cefrj-a1:0721,shirt,noun,NGSL_1_2_CORE,shirt,1907,RETAINED,lex:A1:shirt
cefrj-a1:0722,brown,adjective,NGSL_1_2_CORE,brown,1913,RETAINED,lex:A1:brown
cefrj-a1:0723,breathe,verb,NGSL_1_2_CORE,breathe,1914,NEW,
cefrj-a1:0724,excuse,noun,NGSL_1_2_CORE,excuse,1915,NEW,
cefrj-a1:0725,tennis,noun,NGSL_1_2_CORE,tennis,1917,RETAINED,lex:A1:tennis
cefrj-a1:0726,mouse,noun,NGSL_1_2_CORE,mouse,1926,RETAINED,lex:A1:mouse
cefrj-a1:0727,luck,noun,NGSL_1_2_CORE,luck,1934,NEW,
cefrj-a1:0728,snow,noun,NGSL_1_2_CORE,snow,1950,RETAINED,lex:A1:snow
cefrj-a1:0729,neck,noun,NGSL_1_2_CORE,neck,1952,NEW,
cefrj-a1:0730,spell,noun,NGSL_1_2_CORE,spell,1972,RETAINED,lex:A1:spell
cefrj-a1:0731,bike,noun,NGSL_1_2_CORE,bike,1979,RETAINED,lex:A1:bike
cefrj-a1:0732,wheel,noun,NGSL_1_2_CORE,wheel,1985,NEW,
cefrj-a1:0733,drama,noun,NGSL_1_2_CORE,drama,1991,NEW,
cefrj-a1:0734,toy,noun,NGSL_1_2_CORE,toy,1994,NEW,
cefrj-a1:0735,thick,adjective,NGSL_1_2_CORE,thick,2000,NEW,
cefrj-a1:0736,smart,adjective,NGSL_1_2_CORE,smart,2023,NEW,
cefrj-a1:0737,tooth,noun,NGSL_1_2_CORE,tooth,2026,RETAINED,lex:A1:tooth
cefrj-a1:0738,tight,adjective,NGSL_1_2_CORE,tight,2083,NEW,
cefrj-a1:0739,cloud,noun,NGSL_1_2_CORE,cloud,2090,NEW,
cefrj-a1:0740,false,adjective,NGSL_1_2_CORE,false,2098,RETAINED,lex:A1:false
cefrj-a1:0741,truck,noun,NGSL_1_2_CORE,truck,2113,NEW,
cefrj-a1:0742,nose,noun,NGSL_1_2_CORE,nose,2114,RETAINED,lex:A1:nose
cefrj-a1:0743,beside,preposition,NGSL_1_2_CORE,beside,2115,NEW,
cefrj-a1:0744,mom,noun,NGSL_1_2_CORE,mom,2131,NEW,
cefrj-a1:0745,sir,noun,NGSL_1_2_CORE,sir,2138,NEW,
cefrj-a1:0746,everyday,adjective,NGSL_1_2_CORE,everyday,2158,NEW,
cefrj-a1:0747,pollution,noun,NGSL_1_2_CORE,pollution,2164,NEW,
cefrj-a1:0748,cake,noun,NGSL_1_2_CORE,cake,2173,RETAINED,lex:A1:cake
cefrj-a1:0749,album,noun,NGSL_1_2_CORE,album,2181,NEW,
cefrj-a1:0750,singer,noun,NGSL_1_2_CORE,singer,2182,RETAINED,lex:A1:singer
cefrj-a1:0751,grass,noun,NGSL_1_2_CORE,grass,2193,NEW,
cefrj-a1:0752,poem,noun,NGSL_1_2_CORE,poem,2211,NEW,
cefrj-a1:0753,festival,noun,NGSL_1_2_CORE,festival,2215,RETAINED,lex:A1:festival
cefrj-a1:0754,vegetable,noun,NGSL_1_2_CORE,vegetable,2216,RETAINED,lex:A1:vegetable
cefrj-a1:0755,knee,noun,NGSL_1_2_CORE,knee,2221,NEW,
cefrj-a1:0756,sugar,noun,NGSL_1_2_CORE,sugar,2234,RETAINED,lex:A1:sugar
cefrj-a1:0757,pink,adjective,NGSL_1_2_CORE,pink,2238,RETAINED,lex:A1:pink
cefrj-a1:0758,jacket,noun,NGSL_1_2_CORE,jacket,2253,RETAINED,lex:A1:jacket
cefrj-a1:0759,dirty,adjective,NGSL_1_2_CORE,dirty,2255,RETAINED,lex:A1:dirty
cefrj-a1:0760,bread,noun,NGSL_1_2_CORE,bread,2262,RETAINED,lex:A1:bread
cefrj-a1:0761,button,noun,NGSL_1_2_CORE,button,2285,NEW,
cefrj-a1:0762,bowl,noun,NGSL_1_2_CORE,bowl,2291,NEW,
cefrj-a1:0763,bath,noun,NGSL_1_2_CORE,bath,2294,RETAINED,lex:A1:bath
cefrj-a1:0764,pen,noun,NGSL_1_2_CORE,pen,2320,RETAINED,lex:A1:pen
cefrj-a1:0765,tube,noun,NGSL_1_2_CORE,tube,2323,NEW,
cefrj-a1:0766,tower,noun,NGSL_1_2_CORE,tower,2324,NEW,
cefrj-a1:0767,dig,noun,NGSL_1_2_CORE,dig,2331,NEW,
cefrj-a1:0768,chicken,noun,NGSL_1_2_CORE,chicken,2339,RETAINED,lex:A1:chicken
cefrj-a1:0769,musician,noun,NGSL_1_2_CORE,musician,2350,NEW,
cefrj-a1:0770,shower,noun,NGSL_1_2_CORE,shower,2352,RETAINED,lex:A1:shower
cefrj-a1:0771,cousin,noun,NGSL_1_2_CORE,cousin,2361,RETAINED,lex:A1:cousin
cefrj-a1:0772,cap,noun,NGSL_1_2_CORE,cap,2374,NEW,
cefrj-a1:0773,cream,noun,NGSL_1_2_CORE,cream,2388,RETAINED,lex:A1:cream
cefrj-a1:0774,skirt,noun,NGSL_1_2_CORE,skirt,2451,RETAINED,lex:A1:skirt
cefrj-a1:0775,March,noun,NGSL_1_2_CORE,march,2453,RETAINED,lex:A1:march
cefrj-a1:0776,opera,noun,NGSL_1_2_CORE,opera,2461,NEW,
cefrj-a1:0777,contest,noun,NGSL_1_2_CORE,contest,2462,NEW,
cefrj-a1:0778,brush,noun|verb,NGSL_1_2_CORE,brush,2463,NEW,
cefrj-a1:0779,celebration,noun,NGSL_1_2_CORE,celebration,2477,NEW,
cefrj-a1:0780,orange,adjective|noun,NGSL_1_2_CORE,orange,2499,RETAINED,lex:A1:orange
cefrj-a1:0781,pig,noun,NGSL_1_2_CORE,pig,2519,RETAINED,lex:A1:pig
cefrj-a1:0782,shelf,noun,NGSL_1_2_CORE,shelf,2538,NEW,
cefrj-a1:0783,cow,noun,NGSL_1_2_CORE,cow,2551,RETAINED,lex:A1:cow
cefrj-a1:0784,strict,adjective,NGSL_1_2_CORE,strict,2568,NEW,
cefrj-a1:0785,cheese,noun,NGSL_1_2_CORE,cheese,2585,RETAINED,lex:A1:cheese
cefrj-a1:0786,guitar,noun,NGSL_1_2_CORE,guitar,2589,RETAINED,lex:A1:guitar
cefrj-a1:0787,flag,noun,NGSL_1_2_CORE,flag,2590,NEW,
cefrj-a1:0788,piano,noun,NGSL_1_2_CORE,piano,2591,RETAINED,lex:A1:piano
cefrj-a1:0789,moon,noun,NGSL_1_2_CORE,moon,2599,NEW,
cefrj-a1:0790,grandmother,noun,NGSL_1_2_CORE,grandmother,2604,RETAINED,lex:A1:grandmother
cefrj-a1:0791,greet,verb,NGSL_1_2_CORE,greet,2614,NEW,
cefrj-a1:0792,paragraph,noun,NGSL_1_2_CORE,paragraph,2618,RETAINED,lex:A1:paragraph
cefrj-a1:0793,chocolate,noun,NGSL_1_2_CORE,chocolate,2620,RETAINED,lex:A1:chocolate
cefrj-a1:0794,potato,noun,NGSL_1_2_CORE,potato,2623,RETAINED,lex:A1:potato
cefrj-a1:0795,pray,verb,NGSL_1_2_CORE,pray,2639,NEW,
cefrj-a1:0796,knife,noun,NGSL_1_2_CORE,knife,2657,NEW,
cefrj-a1:0797,hurry,noun,NGSL_1_2_CORE,hurry,2683,NEW,
cefrj-a1:0798,grammar,noun,NGSL_1_2_CORE,grammar,2687,NEW,
cefrj-a1:0799,bell,noun,NGSL_1_2_CORE,bell,2691,NEW,
cefrj-a1:0800,uncle,noun,NGSL_1_2_CORE,uncle,2694,RETAINED,lex:A1:uncle
cefrj-a1:0801,rice,noun,NGSL_1_2_CORE,rice,2695,RETAINED,lex:A1:rice
cefrj-a1:0802,sheep,noun,NGSL_1_2_CORE,sheep,2710,RETAINED,lex:A1:sheep
cefrj-a1:0803,rat,noun,NGSL_1_2_CORE,rat,2712,NEW,
cefrj-a1:0804,aunt,noun,NGSL_1_2_CORE,aunt,2781,RETAINED,lex:A1:aunt
cefrj-a1:0805,ugly,adjective,NGSL_1_2_CORE,ugly,2789,NEW,
cefrj-a1:0806,autumn,noun,NGSL_1_2_CORE,autumn,2792,RETAINED,lex:A1:autumn
cefrj-a1:0807,rose,noun,NGSL_1_2_CORE,rose,2798,NEW,
cefrj-a1:0808,lazy,adjective,NGSL_1_2_CORE,lazy,2802,NEW,
cefrj-a1:0809,hello,noun,NGSL_1_2_CORE,hello,2803,RETAINED,lex:A1:hello
cefrj-a1:0810,April,noun,NGSL_1_2_SUPPLEMENT,april,,RETAINED,lex:A1:april
cefrj-a1:0811,August,noun,NGSL_1_2_SUPPLEMENT,august,,RETAINED,lex:A1:august
cefrj-a1:0812,December,noun,NGSL_1_2_SUPPLEMENT,december,,RETAINED,lex:A1:december
cefrj-a1:0813,eight,number,NGSL_1_2_SUPPLEMENT,eight,,RETAINED,lex:A1:eight
cefrj-a1:0814,eighteen,number,NGSL_1_2_SUPPLEMENT,eighteen,,RETAINED,lex:A1:eighteen
cefrj-a1:0815,eighty,number,NGSL_1_2_SUPPLEMENT,eighty,,RETAINED,lex:A1:eighty
cefrj-a1:0816,eleven,number,NGSL_1_2_SUPPLEMENT,eleven,,RETAINED,lex:A1:eleven
cefrj-a1:0817,February,noun,NGSL_1_2_SUPPLEMENT,february,,RETAINED,lex:A1:february
cefrj-a1:0818,fifteen,number,NGSL_1_2_SUPPLEMENT,fifteen,,RETAINED,lex:A1:fifteen
cefrj-a1:0819,fifty,number,NGSL_1_2_SUPPLEMENT,fifty,,RETAINED,lex:A1:fifty
cefrj-a1:0820,five,number,NGSL_1_2_SUPPLEMENT,five,,RETAINED,lex:A1:five
cefrj-a1:0821,forty,number,NGSL_1_2_SUPPLEMENT,forty,,RETAINED,lex:A1:forty
cefrj-a1:0822,four,number,NGSL_1_2_SUPPLEMENT,four,,RETAINED,lex:A1:four
cefrj-a1:0823,fourteen,number,NGSL_1_2_SUPPLEMENT,fourteen,,RETAINED,lex:A1:fourteen
cefrj-a1:0824,Friday,noun,NGSL_1_2_SUPPLEMENT,friday,,RETAINED,lex:A1:friday
cefrj-a1:0825,January,noun,NGSL_1_2_SUPPLEMENT,january,,RETAINED,lex:A1:january
cefrj-a1:0826,July,noun,NGSL_1_2_SUPPLEMENT,july,,RETAINED,lex:A1:july
cefrj-a1:0827,June,noun,NGSL_1_2_SUPPLEMENT,june,,RETAINED,lex:A1:june
cefrj-a1:0828,Monday,noun,NGSL_1_2_SUPPLEMENT,monday,,RETAINED,lex:A1:monday
cefrj-a1:0829,nine,number,NGSL_1_2_SUPPLEMENT,nine,,RETAINED,lex:A1:nine
cefrj-a1:0830,nineteen,number,NGSL_1_2_SUPPLEMENT,nineteen,,RETAINED,lex:A1:nineteen
cefrj-a1:0831,ninety,number,NGSL_1_2_SUPPLEMENT,ninety,,RETAINED,lex:A1:ninety
cefrj-a1:0832,November,noun,NGSL_1_2_SUPPLEMENT,november,,RETAINED,lex:A1:november
cefrj-a1:0833,October,noun,NGSL_1_2_SUPPLEMENT,october,,RETAINED,lex:A1:october
cefrj-a1:0834,Saturday,noun,NGSL_1_2_SUPPLEMENT,saturday,,RETAINED,lex:A1:saturday
cefrj-a1:0835,September,noun,NGSL_1_2_SUPPLEMENT,september,,RETAINED,lex:A1:september
cefrj-a1:0836,seven,number,NGSL_1_2_SUPPLEMENT,seven,,RETAINED,lex:A1:seven
cefrj-a1:0837,seventeen,number,NGSL_1_2_SUPPLEMENT,seventeen,,RETAINED,lex:A1:seventeen
cefrj-a1:0838,seventy,number,NGSL_1_2_SUPPLEMENT,seventy,,RETAINED,lex:A1:seventy
cefrj-a1:0839,six,number,NGSL_1_2_SUPPLEMENT,six,,RETAINED,lex:A1:six
cefrj-a1:0840,sixteen,number,NGSL_1_2_SUPPLEMENT,sixteen,,RETAINED,lex:A1:sixteen
cefrj-a1:0841,sixty,number,NGSL_1_2_SUPPLEMENT,sixty,,RETAINED,lex:A1:sixty
cefrj-a1:0842,Sunday,noun,NGSL_1_2_SUPPLEMENT,sunday,,RETAINED,lex:A1:sunday
cefrj-a1:0843,ten,number,NGSL_1_2_SUPPLEMENT,ten,,RETAINED,lex:A1:ten
cefrj-a1:0844,thirteen,number,NGSL_1_2_SUPPLEMENT,thirteen,,RETAINED,lex:A1:thirteen
cefrj-a1:0845,thirty,number,NGSL_1_2_SUPPLEMENT,thirty,,RETAINED,lex:A1:thirty
cefrj-a1:0846,three,number,NGSL_1_2_SUPPLEMENT,three,,RETAINED,lex:A1:three
cefrj-a1:0847,Thursday,noun,NGSL_1_2_SUPPLEMENT,thursday,,RETAINED,lex:A1:thursday
cefrj-a1:0848,Tuesday,noun,NGSL_1_2_SUPPLEMENT,tuesday,,RETAINED,lex:A1:tuesday
cefrj-a1:0849,twelve,number,NGSL_1_2_SUPPLEMENT,twelve,,RETAINED,lex:A1:twelve
cefrj-a1:0850,twenty,number,NGSL_1_2_SUPPLEMENT,twenty,,RETAINED,lex:A1:twenty
cefrj-a1:0851,two,number,NGSL_1_2_SUPPLEMENT,two,,RETAINED,lex:A1:two
cefrj-a1:0852,Wednesday,noun,NGSL_1_2_SUPPLEMENT,wednesday,,RETAINED,lex:A1:wednesday
cefrj-a1:0853,birthday,noun,NGSL_SFI_31K_EXTENSION,birthday,1529,RETAINED,lex:A1:birthday
cefrj-a1:0854,airport,noun,NGSL_SFI_31K_EXTENSION,airport,1577,RETAINED,lex:A1:airport
cefrj-a1:0855,classroom,noun,NGSL_SFI_31K_EXTENSION,classroom,1972,RETAINED,lex:A1:classroom
cefrj-a1:0856,cinema,noun,NGSL_SFI_31K_EXTENSION,cinema,2042,RETAINED,lex:A1:cinema
cefrj-a1:0857,cafe/café,noun,NGSL_SFI_31K_EXTENSION,café,2315,RETAINED,lex:A1:cafe
cefrj-a1:0858,bathroom,noun,NGSL_SFI_31K_EXTENSION,bathroom,2367,RETAINED,lex:A1:bathroom
cefrj-a1:0859,baseball,noun,NGSL_SFI_31K_EXTENSION,baseball,2549,NEW,
cefrj-a1:0860,basketball,noun,NGSL_SFI_31K_EXTENSION,basketball,2557,NEW,
cefrj-a1:0861,bicycle,noun,NGSL_SFI_31K_EXTENSION,bicycle,2639,RETAINED,lex:A1:bicycle
cefrj-a1:0862,jeans,noun,NGSL_SFI_31K_EXTENSION,jeans,2664,RETAINED,lex:A1:jeans
cefrj-a1:0863,mum,noun,NGSL_SFI_31K_EXTENSION,mum,2687,RETAINED,lex:A1:mum
cefrj-a1:0864,supermarket,noun,NGSL_SFI_31K_EXTENSION,supermarket,2778,RETAINED,lex:A1:supermarket
cefrj-a1:0865,vacation,noun,NGSL_SFI_31K_EXTENSION,vacation,2784,RETAINED,lex:A1:vacation
cefrj-a1:0866,pencil,noun,NGSL_SFI_31K_EXTENSION,pencil,2790,RETAINED,lex:A1:pencil
cefrj-a1:0867,trousers,noun,NGSL_SFI_31K_EXTENSION,trousers,2816,RETAINED,lex:A1:trousers
cefrj-a1:0868,pet,noun,NGSL_SFI_31K_EXTENSION,pet,2899,NEW,
cefrj-a1:0869,girlfriend,noun,NGSL_SFI_31K_EXTENSION,girlfriend,2948,RETAINED,lex:A1:girlfriend
cefrj-a1:0870,clever,adjective,NGSL_SFI_31K_EXTENSION,clever,2961,NEW,
cefrj-a1:0871,zoo,noun,NGSL_SFI_31K_EXTENSION,zoo,2962,NEW,
cefrj-a1:0872,toilet,noun,NGSL_SFI_31K_EXTENSION,toilet,2972,RETAINED,lex:A1:toilet
cefrj-a1:0873,boyfriend,noun,NGSL_SFI_31K_EXTENSION,boyfriend,3003,RETAINED,lex:A1:boyfriend
cefrj-a1:0874,apple,noun,NGSL_SFI_31K_EXTENSION,apple,3010,RETAINED,lex:A1:apple
cefrj-a1:0875,sandwich,noun,NGSL_SFI_31K_EXTENSION,sandwich,3051,RETAINED,lex:A1:sandwich
cefrj-a1:0876,juice,noun,NGSL_SFI_31K_EXTENSION,juice,3062,RETAINED,lex:A1:juice
cefrj-a1:0877,rabbit,noun,NGSL_SFI_31K_EXTENSION,rabbit,3091,NEW,
cefrj-a1:0878,jet,noun,NGSL_SFI_31K_EXTENSION,jet,3104,NEW,
cefrj-a1:0879,palace,noun,NGSL_SFI_31K_EXTENSION,palace,3110,NEW,
cefrj-a1:0880,grandfather,noun,NGSL_SFI_31K_EXTENSION,grandfather,3124,RETAINED,lex:A1:grandfather
cefrj-a1:0881,hungry,adjective,NGSL_SFI_31K_EXTENSION,hungry,3138,RETAINED,lex:A1:hungry
cefrj-a1:0882,cloth,noun,NGSL_SFI_31K_EXTENSION,cloth,3147,NEW,
cefrj-a1:0883,bat,noun,NGSL_SFI_31K_EXTENSION,bat,3155,NEW,
cefrj-a1:0884,dictionary,noun,NGSL_SFI_31K_EXTENSION,dictionary,3178,RETAINED,lex:A1:dictionary
cefrj-a1:0885,soccer,noun,NGSL_SFI_31K_EXTENSION,soccer,3196,NEW,
cefrj-a1:0886,corn,noun,NGSL_SFI_31K_EXTENSION,corn,3211,NEW,
cefrj-a1:0887,bye,noun,NGSL_SFI_31K_EXTENSION,bye,3234,RETAINED,lex:A1:bye
cefrj-a1:0888,blank,adjective,NGSL_SFI_31K_EXTENSION,blank,3238,NEW,
cefrj-a1:0889,airplane/aeroplane,noun,NGSL_SFI_31K_EXTENSION,airplane,3264,NEW,
cefrj-a1:0890,butter,noun,NGSL_SFI_31K_EXTENSION,butter,3281,RETAINED,lex:A1:butter
cefrj-a1:0891,sunny,adjective,NGSL_SFI_31K_EXTENSION,sunny,3291,NEW,
cefrj-a1:0892,homework,noun,NGSL_SFI_31K_EXTENSION,homework,3361,RETAINED,lex:A1:homework
cefrj-a1:0893,bean,noun,NGSL_SFI_31K_EXTENSION,bean,3369,NEW,
cefrj-a1:0894,salad,noun,NGSL_SFI_31K_EXTENSION,salad,3392,RETAINED,lex:A1:salad
cefrj-a1:0895,notebook,noun,NGSL_SFI_31K_EXTENSION,notebook,3415,NEW,
cefrj-a1:0896,temple,noun,NGSL_SFI_31K_EXTENSION,temple,3426,NEW,
cefrj-a1:0897,lonely,adjective,NGSL_SFI_31K_EXTENSION,lonely,3436,NEW,
cefrj-a1:0898,poster,noun,NGSL_SFI_31K_EXTENSION,poster,3438,NEW,
cefrj-a1:0899,drum,noun,NGSL_SFI_31K_EXTENSION,drum,3439,NEW,
cefrj-a1:0900,ghost,noun,NGSL_SFI_31K_EXTENSION,ghost,3445,NEW,
cefrj-a1:0901,beef,noun,NGSL_SFI_31K_EXTENSION,beef,3470,NEW,
cefrj-a1:0902,delicious,adjective,NGSL_SFI_31K_EXTENSION,delicious,3477,RETAINED,lex:A1:delicious
cefrj-a1:0903,spy,noun,NGSL_SFI_31K_EXTENSION,spy,3485,NEW,
cefrj-a1:0904,tomato,noun,NGSL_SFI_31K_EXTENSION,tomato,3486,RETAINED,lex:A1:tomato
cefrj-a1:0905,cop,noun,NGSL_SFI_31K_EXTENSION,cop,3488,NEW,
cefrj-a1:0906,shy,adjective,NGSL_SFI_31K_EXTENSION,shy,3490,NEW,
cefrj-a1:0907,hobby,noun,NGSL_SFI_31K_EXTENSION,hobby,3525,RETAINED,lex:A1:hobby
cefrj-a1:0908,handsome,adjective,NGSL_SFI_31K_EXTENSION,handsome,3567,NEW,
cefrj-a1:0909,foreigner,noun,NGSL_SFI_31K_EXTENSION,foreigner,3660,NEW,
cefrj-a1:0910,grandparent,noun,NGSL_SFI_31K_EXTENSION,grandparent,3669,RETAINED,lex:A1:grandparent
cefrj-a1:0911,pizza,noun,NGSL_SFI_31K_EXTENSION,pizza,3673,NEW,
cefrj-a1:0912,soup,noun,NGSL_SFI_31K_EXTENSION,soup,3723,RETAINED,lex:A1:soup
cefrj-a1:0913,ruler,noun,NGSL_SFI_31K_EXTENSION,ruler,3766,NEW,
cefrj-a1:0914,leaf,noun,NGSL_SFI_31K_EXTENSION,leaf,3767,NEW,
cefrj-a1:0915,monkey,noun,NGSL_SFI_31K_EXTENSION,monkey,3779,NEW,
cefrj-a1:0916,lion,noun,NGSL_SFI_31K_EXTENSION,lion,3787,RETAINED,lex:A1:lion
cefrj-a1:0917,surf,noun,NGSL_SFI_31K_EXTENSION,surf,3853,NEW,
cefrj-a1:0918,picnic,noun,NGSL_SFI_31K_EXTENSION,picnic,3865,NEW,
cefrj-a1:0919,bee,noun,NGSL_SFI_31K_EXTENSION,bee,3902,NEW,
cefrj-a1:0920,awake,adjective,NGSL_SFI_31K_EXTENSION,awake,3910,NEW,
cefrj-a1:0921,purple,noun,NGSL_SFI_31K_EXTENSION,purple,3935,RETAINED,lex:A1:purple
cefrj-a1:0922,headache,noun,NGSL_SFI_31K_EXTENSION,headache,3963,NEW,
cefrj-a1:0923,cute,adjective,NGSL_SFI_31K_EXTENSION,cute,3979,NEW,
cefrj-a1:0924,super,adjective,NGSL_SFI_31K_EXTENSION,super,3981,NEW,
cefrj-a1:0925,doll,noun,NGSL_SFI_31K_EXTENSION,doll,3987,NEW,
cefrj-a1:0926,cartoon,noun,NGSL_SFI_31K_EXTENSION,cartoon,4005,NEW,
cefrj-a1:0927,jewelry/jewellery,noun,NGSL_SFI_31K_EXTENSION,jewelry,4026,NEW,
cefrj-a1:0928,snake,noun,NGSL_SFI_31K_EXTENSION,snake,4040,RETAINED,lex:A1:snake
cefrj-a1:0929,fever,noun,NGSL_SFI_31K_EXTENSION,fever,4096,NEW,
cefrj-a1:0930,sofa,noun,NGSL_SFI_31K_EXTENSION,sofa,4121,NEW,
cefrj-a1:0931,elementary,adjective,NGSL_SFI_31K_EXTENSION,elementary,4169,NEW,
cefrj-a1:0932,towel,noun,NGSL_SFI_31K_EXTENSION,towel,4260,NEW,
cefrj-a1:0933,prince,noun,NGSL_SFI_31K_EXTENSION,prince,4266,NEW,
cefrj-a1:0934,sailor,noun,NGSL_SFI_31K_EXTENSION,sailor,4300,NEW,
cefrj-a1:0935,pardon,noun,NGSL_SFI_31K_EXTENSION,pardon,4323,NEW,
cefrj-a1:0936,rude,adjective,NGSL_SFI_31K_EXTENSION,rude,4379,NEW,
cefrj-a1:0937,banana,noun,NGSL_SFI_31K_EXTENSION,banana,4458,RETAINED,lex:A1:banana
cefrj-a1:0938,couch,noun,NGSL_SFI_31K_EXTENSION,couch,4500,NEW,
cefrj-a1:0939,waiter,noun,NGSL_SFI_31K_EXTENSION,waiter,4555,RETAINED,lex:A1:waiter
cefrj-a1:0940,bucket,noun,NGSL_SFI_31K_EXTENSION,bucket,4563,NEW,
cefrj-a1:0941,sunshine,noun,NGSL_SFI_31K_EXTENSION,sunshine,4599,NEW,
cefrj-a1:0942,butterfly,noun,NGSL_SFI_31K_EXTENSION,butterfly,4676,NEW,
cefrj-a1:0943,umbrella,noun,NGSL_SFI_31K_EXTENSION,umbrella,4718,RETAINED,lex:A1:umbrella
cefrj-a1:0944,underline,noun,NGSL_SFI_31K_EXTENSION,underline,4768,NEW,
cefrj-a1:0945,tiger,noun,NGSL_SFI_31K_EXTENSION,tiger,4789,NEW,
cefrj-a1:0946,cookie,noun,NGSL_SFI_31K_EXTENSION,cookie,4808,NEW,
cefrj-a1:0947,classmate,noun,NGSL_SFI_31K_EXTENSION,classmate,4834,NEW,
cefrj-a1:0948,biscuit,noun,NGSL_SFI_31K_EXTENSION,biscuit,4957,NEW,
cefrj-a1:0949,garbage,noun,NGSL_SFI_31K_EXTENSION,garbage,5081,NEW,
cefrj-a1:0950,turkey,noun,NGSL_SFI_31K_EXTENSION,turkey,5089,NEW,
cefrj-a1:0951,grape,noun,NGSL_SFI_31K_EXTENSION,grape,5108,NEW,
cefrj-a1:0952,frog,noun,NGSL_SFI_31K_EXTENSION,frog,5129,NEW,
cefrj-a1:0953,nationality,noun,NGSL_SFI_31K_EXTENSION,nationality,5229,NEW,
cefrj-a1:0954,ribbon,noun,NGSL_SFI_31K_EXTENSION,ribbon,5303,NEW,
cefrj-a1:0955,candy,noun,NGSL_SFI_31K_EXTENSION,candy,5340,NEW,
cefrj-a1:0956,vase,noun,NGSL_SFI_31K_EXTENSION,vase,5419,NEW,
cefrj-a1:0957,subway,noun,NGSL_SFI_31K_EXTENSION,subway,5485,NEW,
cefrj-a1:0958,fairy,noun,NGSL_SFI_31K_EXTENSION,fairy,5655,NEW,
cefrj-a1:0959,princess,noun,NGSL_SFI_31K_EXTENSION,princess,5728,NEW,
cefrj-a1:0960,rainy,adjective,NGSL_SFI_31K_EXTENSION,rainy,5845,NEW,
cefrj-a1:0961,interviewer,noun,NGSL_SFI_31K_EXTENSION,interviewer,5981,NEW,
cefrj-a1:0962,hamburger,noun,NGSL_SFI_31K_EXTENSION,hamburger,6008,NEW,
cefrj-a1:0963,hometown,noun,NGSL_SFI_31K_EXTENSION,hometown,6215,NEW,
cefrj-a1:0964,grandma,noun,NGSL_SFI_31K_EXTENSION,grandma,6258,NEW,
cefrj-a1:0965,waitress,noun,NGSL_SFI_31K_EXTENSION,waitress,6386,NEW,
cefrj-a1:0966,TV,noun,NGSL_SFI_31K_EXTENSION,tv,6548,RETAINED,lex:A1:tv
cefrj-a1:0967,bookstore,noun,NGSL_SFI_31K_EXTENSION,bookstore,6717,NEW,
cefrj-a1:0968,burger,noun,NGSL_SFI_31K_EXTENSION,burger,6962,NEW,
cefrj-a1:0969,coke,noun,NGSL_SFI_31K_EXTENSION,coke,7125,NEW,
cefrj-a1:0970,yogurt/yoghurt,noun,NGSL_SFI_31K_EXTENSION,yogurt,7147,NEW,
cefrj-a1:0971,volleyball,noun,NGSL_SFI_31K_EXTENSION,volleyball,7162,NEW,
cefrj-a1:0972,cloudy,adjective,NGSL_SFI_31K_EXTENSION,cloudy,7257,NEW,
cefrj-a1:0973,haircut,noun,NGSL_SFI_31K_EXTENSION,haircut,7541,NEW,
cefrj-a1:0974,kite,noun,NGSL_SFI_31K_EXTENSION,kite,7546,NEW,
cefrj-a1:0975,merry,adjective,NGSL_SFI_31K_EXTENSION,merry,7688,NEW,
cefrj-a1:0976,apron,noun,NGSL_SFI_31K_EXTENSION,apron,7790,NEW,
cefrj-a1:0977,better,adjective,NGSL_SFI_31K_EXTENSION,better,7937,RETAINED,lex:A1:better
cefrj-a1:0978,lily,noun,NGSL_SFI_31K_EXTENSION,lily,8791,NEW,
cefrj-a1:0979,snowy,adjective,NGSL_SFI_31K_EXTENSION,snowy,9430,NEW,
cefrj-a1:0980,smith,noun,NGSL_SFI_31K_EXTENSION,smith,10474,NEW,
cefrj-a1:0981,foggy,adjective,NGSL_SFI_31K_EXTENSION,foggy,10769,NEW,
cefrj-a1:0982,grandpa,noun,NGSL_SFI_31K_EXTENSION,grandpa,11393,NEW,
cefrj-a1:0983,best,adjective|adverb,NGSL_SFI_31K_EXTENSION,best,11542,RETAINED,lex:A1:best
cefrj-a1:0984,Internet/internet,noun,NGSL_SFI_31K_EXTENSION,internet,16474,RETAINED,lex:A1:internet
cefrj-a1:0985,'m,be-verb,NO_NGSL_MATCH,,,NEW,
cefrj-a1:0986,'re,be-verb,NO_NGSL_MATCH,,,NEW,
cefrj-a1:0987,'s,be-verb,NO_NGSL_MATCH,,,NEW,
cefrj-a1:0988,a.m./A.M./am/AM,adverb,NO_NGSL_MATCH,,,NEW,
cefrj-a1:0989,all right,adjective|adverb,NO_NGSL_MATCH,,,NEW,
cefrj-a1:0990,am,be-verb,NO_NGSL_MATCH,,,NEW,
cefrj-a1:0991,an,determiner,NO_NGSL_MATCH,,,RETAINED,lex:A1:a-an
cefrj-a1:0992,are,be-verb,NO_NGSL_MATCH,,,NEW,
cefrj-a1:0993,boring,adjective,NO_NGSL_MATCH,,,RETAINED,lex:A1:boring
cefrj-a1:0994,broken,adjective,NO_NGSL_MATCH,,,NEW,
cefrj-a1:0995,building,noun,NO_NGSL_MATCH,,,RETAINED,lex:A1:building
cefrj-a1:0996,CD,noun,NO_NGSL_MATCH,,,RETAINED,lex:A1:cd
cefrj-a1:0997,CD player,noun,NO_NGSL_MATCH,,,NEW,
cefrj-a1:0998,closed,adjective,NO_NGSL_MATCH,,,NEW,
cefrj-a1:0999,credit card,noun,NO_NGSL_MATCH,,,NEW,
cefrj-a1:1000,daddy,noun,NO_NGSL_MATCH,,,NEW,
cefrj-a1:1001,dancing,noun,NO_NGSL_MATCH,,,RETAINED,lex:A1:dancing
cefrj-a1:1002,did,do-verb,NO_NGSL_MATCH,,,NEW,
cefrj-a1:1003,dining room,noun,NO_NGSL_MATCH,,,NEW,
cefrj-a1:1004,does,do-verb,NO_NGSL_MATCH,,,NEW,
cefrj-a1:1005,doing,do-verb,NO_NGSL_MATCH,,,NEW,
cefrj-a1:1006,DVD,noun,NO_NGSL_MATCH,,,RETAINED,lex:A1:dvd
cefrj-a1:1007,each other,pronoun,NO_NGSL_MATCH,,,NEW,
cefrj-a1:1008,excited,adjective,NO_NGSL_MATCH,,,RETAINED,lex:A1:excited
cefrj-a1:1009,exciting,adjective,NO_NGSL_MATCH,,,RETAINED,lex:A1:exciting
cefrj-a1:1010,feeling,noun,NO_NGSL_MATCH,,,RETAINED,lex:A1:feeling
cefrj-a1:1011,fishing,noun,NO_NGSL_MATCH,,,NEW,
cefrj-a1:1012,following,adjective,NO_NGSL_MATCH,,,NEW,
cefrj-a1:1013,glasses,noun,NO_NGSL_MATCH,,,NEW,
cefrj-a1:1014,good afternoon,interjection,NO_NGSL_MATCH,,,NEW,
cefrj-a1:1015,good morning,interjection,NO_NGSL_MATCH,,,NEW,
cefrj-a1:1016,good night,interjection,NO_NGSL_MATCH,,,NEW,
cefrj-a1:1017,had,have-verb,NO_NGSL_MATCH,,,NEW,
cefrj-a1:1018,has,have-verb,NO_NGSL_MATCH,,,NEW,
cefrj-a1:1019,have to,modal auxiliary,NO_NGSL_MATCH,,,RETAINED,lex:A1:have-to
cefrj-a1:1020,her,determiner|pronoun,NO_NGSL_MATCH,,,RETAINED,lex:A1:her
cefrj-a1:1021,hers,pronoun,NO_NGSL_MATCH,,,NEW,
cefrj-a1:1022,him,pronoun,NO_NGSL_MATCH,,,RETAINED,lex:A1:him
cefrj-a1:1023,his,determiner|pronoun,NO_NGSL_MATCH,,,RETAINED,lex:A1:his
cefrj-a1:1024,ice cream,noun,NO_NGSL_MATCH,,,RETAINED,lex:A1:ice-cream
cefrj-a1:1025,interested,adjective,NO_NGSL_MATCH,,,RETAINED,lex:A1:interested
cefrj-a1:1026,interesting,adjective,NO_NGSL_MATCH,,,RETAINED,lex:A1:interesting
cefrj-a1:1027,is,be-verb,NO_NGSL_MATCH,,,NEW,
cefrj-a1:1028,its,determiner|pronoun,NO_NGSL_MATCH,,,RETAINED,lex:A1:its
cefrj-a1:1029,last name,noun,NO_NGSL_MATCH,,,NEW,
cefrj-a1:1030,later,adverb,NO_NGSL_MATCH,,,RETAINED,lex:A1:later
cefrj-a1:1031,living,adjective,NO_NGSL_MATCH,,,NEW,
cefrj-a1:1032,living room,noun,NO_NGSL_MATCH,,,NEW,
cefrj-a1:1033,math/maths,noun,NO_NGSL_MATCH,,,NEW,
cefrj-a1:1034,me,pronoun,NO_NGSL_MATCH,,,RETAINED,lex:A1:me
cefrj-a1:1035,meeting,noun,NO_NGSL_MATCH,,,RETAINED,lex:A1:meeting
cefrj-a1:1036,mobile phone,noun,NO_NGSL_MATCH,,,NEW,
cefrj-a1:1037,mommy/mommie,noun,NO_NGSL_MATCH,,,NEW,
cefrj-a1:1038,Mr./Mr,noun,NO_NGSL_MATCH,,,NEW,
cefrj-a1:1039,Mrs./Mrs,noun,NO_NGSL_MATCH,,,NEW,
cefrj-a1:1040,my,determiner,NO_NGSL_MATCH,,,RETAINED,lex:A1:my
cefrj-a1:1041,o'clock,adverb,NO_NGSL_MATCH,,,RETAINED,lex:A1:o-clock
cefrj-a1:1042,Olympics,noun,NO_NGSL_MATCH,,,NEW,
cefrj-a1:1043,our,determiner,NO_NGSL_MATCH,,,RETAINED,lex:A1:our
cefrj-a1:1044,ours,pronoun,NO_NGSL_MATCH,,,NEW,
cefrj-a1:1045,p.m./P.M./pm/PM,adverb,NO_NGSL_MATCH,,,NEW,
cefrj-a1:1046,painting,noun,NO_NGSL_MATCH,,,RETAINED,lex:A1:painting
cefrj-a1:1047,pants,noun,NO_NGSL_MATCH,,,NEW,
cefrj-a1:1048,reading,noun,NO_NGSL_MATCH,,,RETAINED,lex:A1:reading
cefrj-a1:1049,saw,noun,NO_NGSL_MATCH,,,NEW,
cefrj-a1:1050,shopping,noun,NO_NGSL_MATCH,,,RETAINED,lex:A1:shopping
cefrj-a1:1051,smoking,noun,NO_NGSL_MATCH,,,NEW,
cefrj-a1:1052,swimming,noun,NO_NGSL_MATCH,,,RETAINED,lex:A1:swimming
cefrj-a1:1053,swimming pool,noun,NO_NGSL_MATCH,,,NEW,
cefrj-a1:1054,T-shirt/tee-shirt,noun,NO_NGSL_MATCH,,,RETAINED,lex:A1:t-shirt
cefrj-a1:1055,thanks,noun,NO_NGSL_MATCH,,,RETAINED,lex:A1:thanks
cefrj-a1:1056,their,determiner,NO_NGSL_MATCH,,,RETAINED,lex:A1:their
cefrj-a1:1057,them,pronoun,NO_NGSL_MATCH,,,RETAINED,lex:A1:them
cefrj-a1:1058,these,determiner|pronoun,NO_NGSL_MATCH,,,NEW,
cefrj-a1:1059,those,determiner|pronoun,NO_NGSL_MATCH,,,NEW,
cefrj-a1:1060,tired,adjective,NO_NGSL_MATCH,,,RETAINED,lex:A1:tired
cefrj-a1:1061,us,pronoun,NO_NGSL_MATCH,,,RETAINED,lex:A1:us
cefrj-a1:1062,was,be-verb,NO_NGSL_MATCH,,,NEW,
cefrj-a1:1063,were,be-verb,NO_NGSL_MATCH,,,NEW,
cefrj-a1:1064,whose,determiner|pronoun,NO_NGSL_MATCH,,,NEW,
cefrj-a1:1065,your,determiner,NO_NGSL_MATCH,,,RETAINED,lex:A1:your
cefrj-a1:1066,yours,pronoun,NO_NGSL_MATCH,,,NEW,
,across,,,,,RETIRED_A2,lex:A1:across
,actress,,,,,RETIRED_B1,lex:A1:actress
,adult,,,,,RETIRED_A2,lex:A1:adult
,advice,,,,,RETIRED_A2,lex:A1:advice
,air,,,,,RETIRED_A2,lex:A1:air
,amazing,,,,,RETIRED_B1,lex:A1:amazing
,apartment,,,,,RETIRED_A2,lex:A1:apartment
,area,,,,,RETIRED_A2,lex:A1:area
,artist,,,,,RETIRED_B1,lex:A1:artist
,beer,,,,,RETIRED_A2,lex:A1:beer
,beginning,,,,,RETIRED_A2,lex:A1:beginning
,bill,,,,,RETIRED_A2,lex:A1:bill
,blog,,,,,RETIRED_B1,lex:A1:blog
,blonde,,,,,RETIRED_A2,lex:A1:blonde
,boot,,,,,RETIRED_B1,lex:A1:boot
,bored,,,,,RETIRED_A2,lex:A1:bored
,born,,,,,RETIRED_NOT_IN_CEFRJ,lex:A1:born
,cannot,,,,,RETIRED_NOT_IN_CEFRJ,lex:A1:cannot
,capital,,,,,RETIRED_A2,lex:A1:capital
,career,,,,,RETIRED_B1,lex:A1:career
,carrot,,,,,RETIRED_A2,lex:A1:carrot
,cent,,,,,RETIRED_A2,lex:A1:cent
,centre,,,,,RETIRED_A2,lex:A1:centre
,century,,,,,RETIRED_A2,lex:A1:century
,chart,,,,,RETIRED_A2,lex:A1:chart
,cheap,,,,,RETIRED_A2,lex:A1:cheap
,common,,,,,RETIRED_A2,lex:A1:common
,company,,,,,RETIRED_A2,lex:A1:company
,compare,,,,,RETIRED_A2,lex:A1:compare
,complete,,,,,RETIRED_A2,lex:A1:complete
,cooking,,,,,RETIRED_A2,lex:A1:cooking
,cost,,,,,RETIRED_A2,lex:A1:cost
,country,,,,,RETIRED_A2,lex:A1:country
,create,,,,,RETIRED_A2,lex:A1:create
,customer,,,,,RETIRED_A2,lex:A1:customer
,dancer,,,,,RETIRED_A2,lex:A1:dancer
,dangerous,,,,,RETIRED_A2,lex:A1:dangerous
,decide,,,,,RETIRED_A2,lex:A1:decide
,description,,,,,RETIRED_A2,lex:A1:description
,detail,,,,,RETIRED_A2,lex:A1:detail
,dialogue,,,,,RETIRED_B1,lex:A1:dialogue
,die,,,,,RETIRED_A2,lex:A1:die
,diet,,,,,RETIRED_A2,lex:A1:diet
,downstairs,,,,,RETIRED_A2,lex:A1:downstairs
,during,,,,,RETIRED_A2,lex:A1:during
,east,,,,,RETIRED_A2,lex:A1:east
,elephant,,,,,RETIRED_A2,lex:A1:elephant
,enough,,,,,RETIRED_A2,lex:A1:enough
,euro,,,,,RETIRED_A2,lex:A1:euro
,even,,,,,RETIRED_A2,lex:A1:even
,ever,,,,,RETIRED_A2,lex:A1:ever
,exam,,,,,RETIRED_A2,lex:A1:exam
,explain,,,,,RETIRED_A2,lex:A1:explain
,extra,,,,,RETIRED_A2,lex:A1:extra
,fact,,,,,RETIRED_A2,lex:A1:fact
,fall,,,,,RETIRED_A2,lex:A1:fall
,fantastic,,,,,RETIRED_A2,lex:A1:fantastic
,far,,,,,RETIRED_A2,lex:A1:far
,few,,,,,RETIRED_A2,lex:A1:few
,fifth,,,,,RETIRED_B1,lex:A1:fifth
,film,,,,,RETIRED_A2,lex:A1:film
,final,,,,,RETIRED_A2,lex:A1:final
,flight,,,,,RETIRED_A2,lex:A1:flight
,follow,,,,,RETIRED_A2,lex:A1:follow
,foot,,,,,RETIRED_B1,lex:A1:foot
,fourth,,,,,RETIRED_NOT_IN_CEFRJ,lex:A1:fourth
,friendly,,,,,RETIRED_B2,lex:A1:friendly
,geography,,,,,RETIRED_B1,lex:A1:geography
,goodbye,,,,,RETIRED_NOT_IN_CEFRJ,lex:A1:goodbye
,gym,,,,,RETIRED_B1,lex:A1:gym
,hate,,,,,RETIRED_A2,lex:A1:hate
,hey,,,,,RETIRED_A2,lex:A1:hey
,however,,,,,RETIRED_A2,lex:A1:however
,hundred,,,,,RETIRED_A2,lex:A1:hundred
,improve,,,,,RETIRED_A2,lex:A1:improve
,include,,,,,RETIRED_A2,lex:A1:include
,interest,,,,,RETIRED_A2,lex:A1:interest
,journey,,,,,RETIRED_A2,lex:A1:journey
,kilometre,,,,,RETIRED_A2,lex:A1:kilometre
,land,,,,,RETIRED_A2,lex:A1:land
,last,,,,,RETIRED_A2,lex:A1:last-final
,lie,,,,,RETIRED_A2,lex:A1:lie
,local,,,,,RETIRED_A2,lex:A1:local
,lose,,,,,RETIRED_A2,lex:A1:lose
,main,,,,,RETIRED_B1,lex:A1:main
,market,,,,,RETIRED_A2,lex:A1:market
,married,,,,,RETIRED_A2,lex:A1:married
,meaning,,,,,RETIRED_A2,lex:A1:meaning
,member,,,,,RETIRED_A2,lex:A1:member
,menu,,,,,RETIRED_A2,lex:A1:menu
,metre,,,,,RETIRED_A2,lex:A1:metre
,midnight,,,,,RETIRED_A2,lex:A1:midnight
,mile,,,,,RETIRED_B1,lex:A1:mile
,million,,,,,RETIRED_A2,lex:A1:million
,mistake,,,,,RETIRED_A2,lex:A1:mistake
,model,,,,,RETIRED_A2,lex:A1:model
,modern,,,,,RETIRED_A2,lex:A1:modern
,museum,,,,,RETIRED_A2,lex:A1:museum
,natural,,,,,RETIRED_A2,lex:A1:natural
,negative,,,,,RETIRED_A2,lex:A1:negative
,next,,,,,RETIRED_A2,lex:A1:next
,next to,,,,,RETIRED_A2,lex:A1:next-to
,no one,,,,,RETIRED_A2,lex:A1:no-one
,nobody,,,,,RETIRED_A2,lex:A1:nobody
,north,,,,,RETIRED_A2,lex:A1:north
,object,,,,,RETIRED_B1,lex:A1:object
,oh,,,,,RETIRED_NOT_IN_CEFRJ,lex:A1:oh
,onion,,,,,RETIRED_A2,lex:A1:onion
,online,,,,,RETIRED_A2,lex:A1:online
,opinion,,,,,RETIRED_A2,lex:A1:opinion
,opposite,,,,,RETIRED_A2,lex:A1:opposite
,part,,,,,RETIRED_A2,lex:A1:part
,passport,,,,,RETIRED_B1,lex:A1:passport
,pepper,,,,,RETIRED_A2,lex:A1:pepper
,perfect,,,,,RETIRED_A2,lex:A1:perfect
,photograph,,,,,RETIRED_A2,lex:A1:photograph
,phrase,,,,,RETIRED_B1,lex:A1:phrase
,plant,,,,,RETIRED_A2,lex:A1:plant
,police,,,,,RETIRED_A2,lex:A1:police
,policeman,,,,,RETIRED_A2,lex:A1:policeman
,popular,,,,,RETIRED_A2,lex:A1:popular
,positive,,,,,RETIRED_B1,lex:A1:positive
,possible,,,,,RETIRED_A2,lex:A1:possible
,pound,,,,,RETIRED_B1,lex:A1:pound
,prefer,,,,,RETIRED_A2,lex:A1:prefer
,prepare,,,,,RETIRED_A2,lex:A1:prepare
,probably,,,,,RETIRED_A2,lex:A1:probably
,product,,,,,RETIRED_A2,lex:A1:product
,project,,,,,RETIRED_B2,lex:A1:project
,quick,,,,,RETIRED_A2,lex:A1:quick
,quite,,,,,RETIRED_A2,lex:A1:quite
,relax,,,,,RETIRED_A2,lex:A1:relax
,report,,,,,RETIRED_A2,lex:A1:report
,return,,,,,RETIRED_A2,lex:A1:return
,road,,,,,RETIRED_A2,lex:A1:road
,routine,,,,,RETIRED_B1,lex:A1:routine
,salt,,,,,RETIRED_A2,lex:A1:salt
,send,,,,,RETIRED_A2,lex:A1:send
,similar,,,,,RETIRED_A2,lex:A1:similar
,situation,,,,,RETIRED_A2,lex:A1:situation
,somebody,,,,,RETIRED_A2,lex:A1:somebody
,sometimes,,,,,RETIRED_B1,lex:A1:sometimes
,sound,,,,,RETIRED_A2,lex:A1:sound
,south,,,,,RETIRED_A2,lex:A1:south
,space,,,,,RETIRED_A2,lex:A1:space
,spelling,,,,,RETIRED_B1,lex:A1:spelling
,statement,,,,,RETIRED_A2,lex:A1:statement
,style,,,,,RETIRED_A2,lex:A1:style
,success,,,,,RETIRED_A2,lex:A1:success
,sweater,,,,,RETIRED_A2,lex:A1:sweater
,teenager,,,,,RETIRED_A2,lex:A1:teenager
,text,,,,,RETIRED_A2,lex:A1:text
,third,,,,,RETIRED_A2,lex:A1:third
,thirsty,,,,,RETIRED_A2,lex:A1:thirsty
,thousand,,,,,RETIRED_A2,lex:A1:thousand
,title,,,,,RETIRED_A2,lex:A1:title
,tourist,,,,,RETIRED_A2,lex:A1:tourist
,traffic,,,,,RETIRED_A2,lex:A1:traffic
,twice,,,,,RETIRED_A2,lex:A1:twice
,understand,,,,,RETIRED_A2,lex:A1:understand
,university,,,,,RETIRED_A2,lex:A1:university
,upstairs,,,,,RETIRED_A2,lex:A1:upstairs
,useful,,,,,RETIRED_A2,lex:A1:useful
,village,,,,,RETIRED_A2,lex:A1:village
,visitor,,,,,RETIRED_A2,lex:A1:visitor
,website,,,,,RETIRED_A2,lex:A1:website
,west,,,,,RETIRED_A2,lex:A1:west
,wine,,,,,RETIRED_A2,lex:A1:wine
,without,,,,,RETIRED_A2,lex:A1:without
,writing,,,,,RETIRED_A2,lex:A1:writing
,yeah,,,,,RETIRED_A2,lex:A1:yeah
